Title,Year,Genre,Rating,Director
The Shawshank Redemption,1994,Drama,9.3,Frank Darabont
The Godfather,1972,"Crime, Drama",9.2,Francis Ford Coppola
The Dark Knight,2008,"Action, Crime, Drama",9,Christopher Nolan
The Godfather: Part II,1974,"Crime, Drama",9,Francis Ford Coppola
12 Angry Men,1957,"Crime, Drama",9,Sidney Lumet
The Lord of the Rings: The Return of the King,2003,"Action, Adventure, Drama",8.9,Peter Jackson
Pulp Fiction,1994,"Crime, Drama",8.9,Quentin Tarantino
Schindler's List,1993,"Biography, Drama, History",8.9,Steven Spielberg
Inception,2010,"Action, Adventure, Sci-Fi",8.8,Christopher Nolan
Fight Club,1999,Drama,8.8,David Fincher
The Lord of the Rings: The Fellowship of the Ring,2001,"Action, Adventure, Drama",8.8,Peter Jackson
Forrest Gump,1994,"Drama, Romance",8.8,Robert Zemeckis
"Il buono, il brutto, il cattivo",1966,Western,8.8,Sergio Leone
The Lord of the Rings: The Two Towers,2002,"Action, Adventure, Drama",8.7,Peter Jackson
The Matrix,1999,"Action, Sci-Fi",8.7,Lana Wachowski
Goodfellas,1990,"Biography, Crime, Drama",8.7,Martin Scorsese
Star Wars: Episode V - The Empire Strikes Back,1980,"Action, Adventure, Fantasy",8.7,Irvin Kershner
One Flew Over the Cuckoo's Nest,1975,Drama,8.7,Milos Forman
Hamilton,2020,"Biography, Drama, History",8.6,Thomas Kail
Gisaengchung,2019,"Comedy, Drama, Thriller",8.6,Bong Joon Ho
Soorarai Pottru,2020,Drama,8.6,Sudha Kongara
Interstellar,2014,"Adventure, Drama, Sci-Fi",8.6,Christopher Nolan
Cidade de Deus,2002,"Crime, Drama",8.6,Fernando Meirelles
Sen to Chihiro no kamikakushi,2001,"Animation, Adventure, Family",8.6,Hayao Miyazaki
Saving Private Ryan,1998,"Drama, War",8.6,Steven Spielberg
The Green Mile,1999,"Crime, Drama, Fantasy",8.6,Frank Darabont
La vita è bella,1997,"Comedy, Drama, Romance",8.6,Roberto Benigni
Se7en,1995,"Crime, Drama, Mystery",8.6,David Fincher
The Silence of the Lambs,1991,"Crime, Drama, Thriller",8.6,Jonathan Demme
Star Wars,1977,"Action, Adventure, Fantasy",8.6,George Lucas
Seppuku,1962,"Action, Drama, Mystery",8.6,Masaki Kobayashi
Shichinin no samurai,1954,"Action, Adventure, Drama",8.6,Akira Kurosawa
It's a Wonderful Life,1946,"Drama, Family, Fantasy",8.6,Frank Capra
Joker,2019,"Crime, Drama, Thriller",8.5,Todd Phillips
Whiplash,2014,"Drama, Music",8.5,Damien Chazelle
The Intouchables,2011,"Biography, Comedy, Drama",8.5,Olivier Nakache
The Prestige,2006,"Drama, Mystery, Sci-Fi",8.5,Christopher Nolan
The Departed,2006,"Crime, Drama, Thriller",8.5,Martin Scorsese
The Pianist,2002,"Biography, Drama, Music",8.5,Roman Polanski
Gladiator,2000,"Action, Adventure, Drama",8.5,Ridley Scott
American History X,1998,Drama,8.5,Tony Kaye
The Usual Suspects,1995,"Crime, Mystery, Thriller",8.5,Bryan Singer
Léon,1994,"Action, Crime, Drama",8.5,Luc Besson
The Lion King,1994,"Animation, Adventure, Drama",8.5,Roger Allers
Terminator 2: Judgment Day,1991,"Action, Sci-Fi",8.5,James Cameron
Nuovo Cinema Paradiso,1988,"Drama, Romance",8.5,Giuseppe Tornatore
Hotaru no haka,1988,"Animation, Drama, War",8.5,Isao Takahata
Back to the Future,1985,"Adventure, Comedy, Sci-Fi",8.5,Robert Zemeckis
Once Upon a Time in the West,1968,Western,8.5,Sergio Leone
Psycho,1960,"Horror, Mystery, Thriller",8.5,Alfred Hitchcock
Casablanca,1942,"Drama, Romance, War",8.5,Michael Curtiz
Modern Times,1936,"Comedy, Drama, Family",8.5,Charles Chaplin
City Lights,1931,"Comedy, Drama, Romance",8.5,Charles Chaplin
Capharnaüm,2018,Drama,8.4,Nadine Labaki
Ayla: The Daughter of War,2017,"Biography, Drama, History",8.4,Can Ulkay
Vikram Vedha,2017,"Action, Crime, Drama",8.4,Gayatri
Kimi no na wa.,2016,"Animation, Drama, Fantasy",8.4,Makoto Shinkai
Dangal,2016,"Action, Biography, Drama",8.4,Nitesh Tiwari
Spider-Man: Into the Spider-Verse,2018,"Animation, Action, Adventure",8.4,Bob Persichetti
Avengers: Endgame,2019,"Action, Adventure, Drama",8.4,Anthony Russo
Avengers: Infinity War,2018,"Action, Adventure, Sci-Fi",8.4,Anthony Russo
Coco,2017,"Animation, Adventure, Family",8.4,Lee Unkrich
Django Unchained,2012,"Drama, Western",8.4,Quentin Tarantino
The Dark Knight Rises,2012,"Action, Adventure",8.4,Christopher Nolan
3 Idiots,2009,"Comedy, Drama",8.4,Rajkumar Hirani
Taare Zameen Par,2007,"Drama, Family",8.4,Aamir Khan
WALL·E,2008,"Animation, Adventure, Family",8.4,Andrew Stanton
The Lives of Others,2006,"Drama, Mystery, Thriller",8.4,Florian Henckel von Donnersmarck
Oldeuboi,2003,"Action, Drama, Mystery",8.4,Chan-wook Park
Memento,2000,"Mystery, Thriller",8.4,Christopher Nolan
Mononoke-hime,1997,"Animation, Action, Adventure",8.4,Hayao Miyazaki
Once Upon a Time in America,1984,"Crime, Drama",8.4,Sergio Leone
Raiders of the Lost Ark,1981,"Action, Adventure",8.4,Steven Spielberg
The Shining,1980,"Drama, Horror",8.4,Stanley Kubrick
Apocalypse Now,1979,"Drama, Mystery, War",8.4,Francis Ford Coppola
Alien,1979,"Horror, Sci-Fi",8.4,Ridley Scott
Anand,1971,"Drama, Musical",8.4,Hrishikesh Mukherjee
Tengoku to jigoku,1963,"Crime, Drama, Mystery",8.4,Akira Kurosawa
Dr. Strangelove or: How I Learned to Stop Worrying and Love the Bomb,1964,Comedy,8.4,Stanley Kubrick
Witness for the Prosecution,1957,"Crime, Drama, Mystery",8.4,Billy Wilder
Paths of Glory,1957,"Drama, War",8.4,Stanley Kubrick
Rear Window,1954,"Mystery, Thriller",8.4,Alfred Hitchcock
Sunset Blvd.,1950,"Drama, Film-Noir",8.4,Billy Wilder
The Great Dictator,1940,"Comedy, Drama, War",8.4,Charles Chaplin
1917,2019,"Drama, Thriller, War",8.3,Sam Mendes
Tumbbad,2018,"Drama, Fantasy, Horror",8.3,Rahi Anil Barve
Andhadhun,2018,"Crime, Drama, Music",8.3,Sriram Raghavan
Drishyam,2013,"Crime, Drama, Thriller",8.3,Jeethu Joseph
Jagten,2012,Drama,8.3,Thomas Vinterberg
Jodaeiye Nader az Simin,2011,Drama,8.3,Asghar Farhadi
Incendies,2010,"Drama, Mystery, War",8.3,Denis Villeneuve
Miracle in cell NO.7,2019,Drama,8.3,Mehmet Ada Öztekin
Babam ve Oglum,2005,"Drama, Family",8.3,Çagan Irmak
Inglourious Basterds,2009,"Adventure, Drama, War",8.3,Quentin Tarantino
Eternal Sunshine of the Spotless Mind,2004,"Drama, Romance, Sci-Fi",8.3,Michel Gondry
Amélie,2001,"Comedy, Romance",8.3,Jean-Pierre Jeunet
Snatch,2000,"Comedy, Crime",8.3,Guy Ritchie
Requiem for a Dream,2000,Drama,8.3,Darren Aronofsky
American Beauty,1999,Drama,8.3,Sam Mendes
Good Will Hunting,1997,"Drama, Romance",8.3,Gus Van Sant
Bacheha-Ye aseman,1997,"Drama, Family, Sport",8.3,Majid Majidi
Toy Story,1995,"Animation, Adventure, Comedy",8.3,John Lasseter
Braveheart,1995,"Biography, Drama, History",8.3,Mel Gibson
Reservoir Dogs,1992,"Crime, Drama, Thriller",8.3,Quentin Tarantino
Full Metal Jacket,1987,"Drama, War",8.3,Stanley Kubrick
Idi i smotri,1985,"Drama, Thriller, War",8.3,Elem Klimov
Aliens,1986,"Action, Adventure, Sci-Fi",8.3,James Cameron
Amadeus,1984,"Biography, Drama, History",8.3,Milos Forman
Scarface,1983,"Crime, Drama",8.3,Brian De Palma
Star Wars: Episode VI - Return of the Jedi,1983,"Action, Adventure, Fantasy",8.3,Richard Marquand
Das Boot,1981,"Adventure, Drama, Thriller",8.3,Wolfgang Petersen
Taxi Driver,1976,"Crime, Drama",8.3,Martin Scorsese
The Sting,1973,"Comedy, Crime, Drama",8.3,George Roy Hill
A Clockwork Orange,1971,"Crime, Drama, Sci-Fi",8.3,Stanley Kubrick
2001: A Space Odyssey,1968,"Adventure, Sci-Fi",8.3,Stanley Kubrick
Per qualche dollaro in più,1965,Western,8.3,Sergio Leone
Lawrence of Arabia,1962,"Adventure, Biography, Drama",8.3,David Lean
The Apartment,1960,"Comedy, Drama, Romance",8.3,Billy Wilder
North by Northwest,1959,"Adventure, Mystery, Thriller",8.3,Alfred Hitchcock
Vertigo,1958,"Mystery, Romance, Thriller",8.3,Alfred Hitchcock
Singin' in the Rain,1952,"Comedy, Musical, Romance",8.3,Stanley Donen
Ikiru,1952,Drama,8.3,Akira Kurosawa
Ladri di biciclette,1948,Drama,8.3,Vittorio De Sica
Double Indemnity,1944,"Crime, Drama, Film-Noir",8.3,Billy Wilder
Citizen Kane,1941,"Drama, Mystery",8.3,Orson Welles
M - Eine Stadt sucht einen Mörder,1931,"Crime, Mystery, Thriller",8.3,Fritz Lang
Metropolis,1927,"Drama, Sci-Fi",8.3,Fritz Lang
The Kid,1921,"Comedy, Drama, Family",8.3,Charles Chaplin
Chhichhore,2019,"Comedy, Drama",8.2,Nitesh Tiwari
Uri: The Surgical Strike,2018,"Action, Drama, War",8.2,Aditya Dhar
K.G.F: Chapter 1,2018,"Action, Drama",8.2,Prashanth Neel
Green Book,2018,"Biography, Comedy, Drama",8.2,Peter Farrelly
"Three Billboards Outside Ebbing, Missouri",2017,"Comedy, Crime, Drama",8.2,Martin McDonagh
Talvar,2015,"Crime, Drama, Mystery",8.2,Meghna Gulzar
Baahubali 2: The Conclusion,2017,"Action, Drama",8.2,S.S. Rajamouli
Klaus,2019,"Animation, Adventure, Comedy",8.2,Sergio Pablos
Drishyam,2015,"Crime, Drama, Mystery",8.2,Nishikant Kamat
Queen,2013,"Adventure, Comedy, Drama",8.2,Vikas Bahl
Mandariinid,2013,"Drama, War",8.2,Zaza Urushadze
Bhaag Milkha Bhaag,2013,"Biography, Drama, Sport",8.2,Rakeysh Omprakash Mehra
Gangs of Wasseypur,2012,"Action, Comedy, Crime",8.2,Anurag Kashyap
Udaan,2010,Drama,8.2,Vikramaditya Motwane
Paan Singh Tomar,2012,"Action, Biography, Crime",8.2,Tigmanshu Dhulia
El secreto de sus ojos,2009,"Drama, Mystery, Romance",8.2,Juan José Campanella
Warrior,2011,"Action, Drama, Sport",8.2,Gavin O'Connor
Shutter Island,2010,"Mystery, Thriller",8.2,Martin Scorsese
Up,2009,"Animation, Adventure, Comedy",8.2,Pete Docter
The Wolf of Wall Street,2013,"Biography, Crime, Drama",8.2,Martin Scorsese
Chak De! India,2007,"Drama, Family, Sport",8.2,Shimit Amin
There Will Be Blood,2007,Drama,8.2,Paul Thomas Anderson
Pan's Labyrinth,2006,"Drama, Fantasy, War",8.2,Guillermo del Toro
Toy Story 3,2010,"Animation, Adventure, Comedy",8.2,Lee Unkrich
V for Vendetta,2005,"Action, Drama, Sci-Fi",8.2,James McTeigue
Rang De Basanti,2006,"Comedy, Crime, Drama",8.2,Rakeysh Omprakash Mehra
Black,2005,Drama,8.2,Sanjay Leela Bhansali
Batman Begins,2005,"Action, Adventure",8.2,Christopher Nolan
"Swades: We, the People",2004,Drama,8.2,Ashutosh Gowariker
Der Untergang,2004,"Biography, Drama, History",8.2,Oliver Hirschbiegel
Hauru no ugoku shiro,2004,"Animation, Adventure, Family",8.2,Hayao Miyazaki
A Beautiful Mind,2001,"Biography, Drama",8.2,Ron Howard
Hera Pheri,2000,"Action, Comedy, Crime",8.2,Priyadarshan
"Lock, Stock and Two Smoking Barrels",1998,"Action, Comedy, Crime",8.2,Guy Ritchie
L.A. Confidential,1997,"Crime, Drama, Mystery",8.2,Curtis Hanson
Eskiya,1996,"Crime, Drama, Thriller",8.2,Yavuz Turgul
Heat,1995,"Crime, Drama, Thriller",8.2,Michael Mann
Casino,1995,"Crime, Drama",8.2,Martin Scorsese
Andaz Apna Apna,1994,"Action, Comedy, Romance",8.2,Rajkumar Santoshi
Unforgiven,1992,"Drama, Western",8.2,Clint Eastwood
Indiana Jones and the Last Crusade,1989,"Action, Adventure",8.2,Steven Spielberg
Dom za vesanje,1988,"Comedy, Crime, Drama",8.2,Emir Kusturica
Tonari no Totoro,1988,"Animation, Family, Fantasy",8.2,Hayao Miyazaki
Die Hard,1988,"Action, Thriller",8.2,John McTiernan
Ran,1985,"Action, Drama, War",8.2,Akira Kurosawa
Raging Bull,1980,"Biography, Drama, Sport",8.2,Martin Scorsese
Stalker,1979,"Drama, Sci-Fi",8.2,Andrei Tarkovsky
Höstsonaten,1978,"Drama, Music",8.2,Ingmar Bergman
The Message,1976,"Biography, Drama, History",8.2,Moustapha Akkad
Sholay,1975,"Action, Adventure, Comedy",8.2,Ramesh Sippy
Monty Python and the Holy Grail,1975,"Adventure, Comedy, Fantasy",8.2,Terry Gilliam
The Great Escape,1963,"Adventure, Drama, History",8.2,John Sturges
To Kill a Mockingbird,1962,"Crime, Drama",8.2,Robert Mulligan
Yôjinbô,1961,"Action, Drama, Thriller",8.2,Akira Kurosawa
Judgment at Nuremberg,1961,"Drama, War",8.2,Stanley Kramer
Some Like It Hot,1959,"Comedy, Music, Romance",8.2,Billy Wilder
Smultronstället,1957,"Drama, Romance",8.2,Ingmar Bergman
Det sjunde inseglet,1957,"Drama, Fantasy, History",8.2,Ingmar Bergman
Du rififi chez les hommes,1955,"Crime, Drama, Thriller",8.2,Jules Dassin
Dial M for Murder,1954,"Crime, Thriller",8.2,Alfred Hitchcock
Tôkyô monogatari,1953,Drama,8.2,Yasujirô Ozu
Rashômon,1950,"Crime, Drama, Mystery",8.2,Akira Kurosawa
All About Eve,1950,Drama,8.2,Joseph L. Mankiewicz
The Treasure of the Sierra Madre,1948,"Adventure, Drama, Western",8.2,John Huston
To Be or Not to Be,1942,"Comedy, War",8.2,Ernst Lubitsch
The Gold Rush,1925,"Adventure, Comedy, Drama",8.2,Charles Chaplin
Sherlock Jr.,1924,"Action, Comedy, Romance",8.2,Buster Keaton
Portrait de la jeune fille en feu,2019,"Drama, Romance",8.1,Céline Sciamma
Pink,2016,"Drama, Thriller",8.1,Aniruddha Roy Chowdhury
Koe no katachi,2016,"Animation, Drama, Family",8.1,Naoko Yamada
Contratiempo,2016,"Crime, Drama, Mystery",8.1,Oriol Paulo
Ah-ga-ssi,2016,"Drama, Romance, Thriller",8.1,Chan-wook Park
Mommy,2014,Drama,8.1,Xavier Dolan
Haider,2014,"Action, Crime, Drama",8.1,Vishal Bhardwaj
Logan,2017,"Action, Drama, Sci-Fi",8.1,James Mangold
Room,2015,"Drama, Thriller",8.1,Lenny Abrahamson
Relatos salvajes,2014,"Comedy, Drama, Thriller",8.1,Damián Szifron
Soul,2020,"Animation, Adventure, Comedy",8.1,Pete Docter
Kis Uykusu,2014,Drama,8.1,Nuri Bilge Ceylan
PK,2014,"Comedy, Drama, Musical",8.1,Rajkumar Hirani
OMG: Oh My God!,2012,"Comedy, Drama, Fantasy",8.1,Umesh Shukla
The Grand Budapest Hotel,2014,"Adventure, Comedy, Crime",8.1,Wes Anderson
Gone Girl,2014,"Drama, Mystery, Thriller",8.1,David Fincher
Ôkami kodomo no Ame to Yuki,2012,"Animation, Drama, Fantasy",8.1,Mamoru Hosoda
Hacksaw Ridge,2016,"Biography, Drama, History",8.1,Mel Gibson
Inside Out,2015,"Animation, Adventure, Comedy",8.1,Pete Docter
Barfi!,2012,"Comedy, Drama, Romance",8.1,Anurag Basu
12 Years a Slave,2013,"Biography, Drama, History",8.1,Steve McQueen
Rush,2013,"Action, Biography, Drama",8.1,Ron Howard
Ford v Ferrari,2019,"Action, Biography, Drama",8.1,James Mangold
Spotlight,2015,"Biography, Crime, Drama",8.1,Tom McCarthy
Song of the Sea,2014,"Animation, Adventure, Drama",8.1,Tomm Moore
Kahaani,2012,"Mystery, Thriller",8.1,Sujoy Ghosh
Zindagi Na Milegi Dobara,2011,"Comedy, Drama",8.1,Zoya Akhtar
Prisoners,2013,"Crime, Drama, Mystery",8.1,Denis Villeneuve
Mad Max: Fury Road,2015,"Action, Adventure, Sci-Fi",8.1,George Miller
A Wednesday,2008,"Action, Crime, Drama",8.1,Neeraj Pandey
Gran Torino,2008,Drama,8.1,Clint Eastwood
Harry Potter and the Deathly Hallows: Part 2,2011,"Adventure, Drama, Fantasy",8.1,David Yates
Okuribito,2008,"Drama, Music",8.1,Yôjirô Takita
Hachi: A Dog's Tale,2009,"Biography, Drama, Family",8.1,Lasse Hallström
Mary and Max,2009,"Animation, Comedy, Drama",8.1,Adam Elliot
How to Train Your Dragon,2010,"Animation, Action, Adventure",8.1,Dean DeBlois
Into the Wild,2007,"Adventure, Biography, Drama",8.1,Sean Penn
No Country for Old Men,2007,"Crime, Drama, Thriller",8.1,Ethan Coen
Lage Raho Munna Bhai,2006,"Comedy, Drama, Romance",8.1,Rajkumar Hirani
Million Dollar Baby,2004,"Drama, Sport",8.1,Clint Eastwood
Hotel Rwanda,2004,"Biography, Drama, History",8.1,Terry George
Taegukgi hwinalrimyeo,2004,"Action, Drama, War",8.1,Je-kyu Kang
Before Sunset,2004,"Drama, Romance",8.1,Richard Linklater
Munna Bhai M.B.B.S.,2003,"Comedy, Drama, Musical",8.1,Rajkumar Hirani
Salinui chueok,2003,"Crime, Drama, Mystery",8.1,Bong Joon Ho
Dil Chahta Hai,2001,"Comedy, Drama, Romance",8.1,Farhan Akhtar
Kill Bill: Vol. 1,2003,"Action, Crime, Drama",8.1,Quentin Tarantino
Finding Nemo,2003,"Animation, Adventure, Comedy",8.1,Andrew Stanton
Catch Me If You Can,2002,"Biography, Crime, Drama",8.1,Steven Spielberg
Amores perros,2000,"Drama, Thriller",8.1,Alejandro G. Iñárritu
"Monsters, Inc.",2001,"Animation, Adventure, Comedy",8.1,Pete Docter
"Shin seiki Evangelion Gekijô-ban: Air/Magokoro wo, kimi ni",1997,"Animation, Action, Drama",8.1,Hideaki Anno
Lagaan: Once Upon a Time in India,2001,"Adventure, Drama, Musical",8.1,Ashutosh Gowariker
The Sixth Sense,1999,"Drama, Mystery, Thriller",8.1,M. Night Shyamalan
La leggenda del pianista sull'oceano,1998,"Drama, Music, Romance",8.1,Giuseppe Tornatore
The Truman Show,1998,"Comedy, Drama",8.1,Peter Weir
"Crna macka, beli macor",1998,"Comedy, Crime, Romance",8.1,Emir Kusturica
The Big Lebowski,1998,"Comedy, Crime, Sport",8.1,Joel Coen
Fa yeung nin wah,2000,"Drama, Romance",8.1,Kar-Wai Wong
Trainspotting,1996,Drama,8.1,Danny Boyle
Fargo,1996,"Crime, Drama, Thriller",8.1,Joel Coen
Underground,1995,"Comedy, Drama, War",8.1,Emir Kusturica
La haine,1995,"Crime, Drama",8.1,Mathieu Kassovitz
Dilwale Dulhania Le Jayenge,1995,"Drama, Romance",8.1,Aditya Chopra
Before Sunrise,1995,"Drama, Romance",8.1,Richard Linklater
Trois couleurs: Rouge,1994,"Drama, Mystery, Romance",8.1,Krzysztof Kieslowski
Chung Hing sam lam,1994,"Comedy, Crime, Drama",8.1,Kar-Wai Wong
Jurassic Park,1993,"Action, Adventure, Sci-Fi",8.1,Steven Spielberg
In the Name of the Father,1993,"Biography, Crime, Drama",8.1,Jim Sheridan
Ba wang bie ji,1993,"Drama, Music, Romance",8.1,Kaige Chen
Dà hóng denglong gaogao guà,1991,"Drama, History, Romance",8.1,Yimou Zhang
Dead Poets Society,1989,"Comedy, Drama",8.1,Peter Weir
Stand by Me,1986,"Adventure, Drama",8.1,Rob Reiner
Platoon,1986,"Drama, War",8.1,Oliver Stone
"Paris, Texas",1984,Drama,8.1,Wim Wenders
Kaze no tani no Naushika,1984,"Animation, Adventure, Fantasy",8.1,Hayao Miyazaki
The Thing,1982,"Horror, Mystery, Sci-Fi",8.1,John Carpenter
Pink Floyd: The Wall,1982,"Drama, Fantasy, Music",8.1,Alan Parker
Fitzcarraldo,1982,"Adventure, Drama",8.1,Werner Herzog
Fanny och Alexander,1982,Drama,8.1,Ingmar Bergman
Blade Runner,1982,"Action, Sci-Fi, Thriller",8.1,Ridley Scott
The Elephant Man,1980,"Biography, Drama",8.1,David Lynch
Life of Brian,1979,Comedy,8.1,Terry Jones
The Deer Hunter,1978,"Drama, War",8.1,Michael Cimino
Rocky,1976,"Drama, Sport",8.1,John G. Avildsen
Network,1976,Drama,8.1,Sidney Lumet
Barry Lyndon,1975,"Adventure, Drama, History",8.1,Stanley Kubrick
Zerkalo,1975,"Biography, Drama",8.1,Andrei Tarkovsky
Chinatown,1974,"Drama, Mystery, Thriller",8.1,Roman Polanski
Paper Moon,1973,"Comedy, Crime, Drama",8.1,Peter Bogdanovich
Viskningar och rop,1972,Drama,8.1,Ingmar Bergman
Solaris,1972,"Drama, Mystery, Sci-Fi",8.1,Andrei Tarkovsky
Le samouraï,1967,"Crime, Drama, Mystery",8.1,Jean-Pierre Melville
Cool Hand Luke,1967,"Crime, Drama",8.1,Stuart Rosenberg
Persona,1966,"Drama, Thriller",8.1,Ingmar Bergman
Andrei Rublev,1966,"Biography, Drama, History",8.1,Andrei Tarkovsky
La battaglia di Algeri,1966,"Drama, War",8.1,Gillo Pontecorvo
El ángel exterminador,1962,"Drama, Fantasy",8.1,Luis Buñuel
What Ever Happened to Baby Jane?,1962,"Drama, Horror, Thriller",8.1,Robert Aldrich
Sanjuro,1962,"Action, Comedy, Crime",8.1,Akira Kurosawa
The Man Who Shot Liberty Valance,1962,"Drama, Western",8.1,John Ford
Ivanovo detstvo,1962,"Drama, War",8.1,Andrei Tarkovsky
Jungfrukällan,1960,Drama,8.1,Ingmar Bergman
Inherit the Wind,1960,"Biography, Drama, History",8.1,Stanley Kramer
Les quatre cents coups,1959,"Crime, Drama",8.1,François Truffaut
Ben-Hur,1959,"Adventure, Drama, History",8.1,William Wyler
Kakushi-toride no san-akunin,1958,"Adventure, Drama",8.1,Akira Kurosawa
Le notti di Cabiria,1957,Drama,8.1,Federico Fellini
Kumonosu-jô,1957,"Drama, History",8.1,Akira Kurosawa
The Bridge on the River Kwai,1957,"Adventure, Drama, War",8.1,David Lean
On the Waterfront,1954,"Crime, Drama, Thriller",8.1,Elia Kazan
Le salaire de la peur,1953,"Adventure, Drama, Thriller",8.1,Henri-Georges Clouzot
Ace in the Hole,1951,"Drama, Film-Noir",8.1,Billy Wilder
White Heat,1949,"Action, Crime, Drama",8.1,Raoul Walsh
The Third Man,1949,"Film-Noir, Mystery, Thriller",8.1,Carol Reed
The Red Shoes,1948,"Drama, Music, Romance",8.1,Michael Powell
The Shop Around the Corner,1940,"Comedy, Drama, Romance",8.1,Ernst Lubitsch
Rebecca,1940,"Drama, Mystery, Romance",8.1,Alfred Hitchcock
Mr. Smith Goes to Washington,1939,"Comedy, Drama",8.1,Frank Capra
Gone with the Wind,1939,"Drama, History, Romance",8.1,Victor Fleming
La Grande Illusion,1937,"Drama, War",8.1,Jean Renoir
It Happened One Night,1934,"Comedy, Romance",8.1,Frank Capra
La passion de Jeanne d'Arc,1928,"Biography, Drama, History",8.1,Carl Theodor Dreyer
The Circus,1928,"Comedy, Romance",8.1,Charles Chaplin
Sunrise: A Song of Two Humans,1927,"Drama, Romance",8.1,F.W. Murnau
The General,1926,"Action, Adventure, Comedy",8.1,Clyde Bruckman
Das Cabinet des Dr. Caligari,1920,"Fantasy, Horror, Mystery",8.1,Robert Wiene
Badhaai ho,2018,"Comedy, Drama",8,Amit Ravindernath Sharma
Togo,2019,"Adventure, Biography, Drama",8,Ericson Core
Airlift,2016,"Drama, History",8,Raja Menon
Bajrangi Bhaijaan,2015,"Action, Adventure, Comedy",8,Kabir Khan
Baby,2015,"Action, Crime, Thriller",8,Neeraj Pandey
La La Land,2016,"Comedy, Drama, Music",8,Damien Chazelle
Lion,2016,"Biography, Drama",8,Garth Davis
The Martian,2015,"Adventure, Drama, Sci-Fi",8,Ridley Scott
Zootopia,2016,"Animation, Adventure, Comedy",8,Byron Howard
Bãhubali: The Beginning,2015,"Action, Drama",8,S.S. Rajamouli
Kaguyahime no monogatari,2013,"Animation, Adventure, Drama",8,Isao Takahata
Wonder,2017,"Drama, Family",8,Stephen Chbosky
Gully Boy,2019,"Drama, Music, Romance",8,Zoya Akhtar
Special Chabbis,2013,"Crime, Drama, Thriller",8,Neeraj Pandey
Short Term 12,2013,Drama,8,Destin Daniel Cretton
Serbuan maut 2: Berandal,2014,"Action, Crime, Thriller",8,Gareth Evans
The Imitation Game,2014,"Biography, Drama, Thriller",8,Morten Tyldum
Guardians of the Galaxy,2014,"Action, Adventure, Comedy",8,James Gunn
Blade Runner 2049,2017,"Action, Drama, Mystery",8,Denis Villeneuve
Her,2013,"Drama, Romance, Sci-Fi",8,Spike Jonze
Bohemian Rhapsody,2018,"Biography, Drama, Music",8,Bryan Singer
The Revenant,2015,"Action, Adventure, Drama",8,Alejandro G. Iñárritu
The Perks of Being a Wallflower,2012,"Drama, Romance",8,Stephen Chbosky
Tropa de Elite 2: O Inimigo Agora é Outro,2010,"Action, Crime, Drama",8,José Padilha
The King's Speech,2010,"Biography, Drama, History",8,Tom Hooper
The Help,2011,Drama,8,Tate Taylor
Deadpool,2016,"Action, Adventure, Comedy",8,Tim Miller
Darbareye Elly,2009,"Drama, Mystery",8,Asghar Farhadi
Dev.D,2009,"Drama, Romance",8,Anurag Kashyap
Yip Man,2008,"Action, Biography, Drama",8,Wilson Yip
My Name Is Khan,2010,Drama,8,Karan Johar
Nefes: Vatan Sagolsun,2009,"Action, Drama, Thriller",8,Levent Semerci
Slumdog Millionaire,2008,"Drama, Romance",8,Danny Boyle
Black Swan,2010,"Drama, Thriller",8,Darren Aronofsky
Tropa de Elite,2007,"Action, Crime, Drama",8,José Padilha
The Avengers,2012,"Action, Adventure, Sci-Fi",8,Joss Whedon
Persepolis,2007,"Animation, Biography, Drama",8,Vincent Paronnaud
Dallas Buyers Club,2013,"Biography, Drama",8,Jean-Marc Vallée
The Pursuit of Happyness,2006,"Biography, Drama",8,Gabriele Muccino
Blood Diamond,2006,"Adventure, Drama, Thriller",8,Edward Zwick
The Bourne Ultimatum,2007,"Action, Mystery, Thriller",8,Paul Greengrass
Bin-jip,2004,"Crime, Drama, Romance",8,Ki-duk Kim
Sin City,2005,"Crime, Thriller",8,Frank Miller
Le scaphandre et le papillon,2007,"Biography, Drama",8,Julian Schnabel
G.O.R.A.,2004,"Adventure, Comedy, Sci-Fi",8,Ömer Faruk Sorak
Ratatouille,2007,"Animation, Adventure, Comedy",8,Brad Bird
Casino Royale,2006,"Action, Adventure, Thriller",8,Martin Campbell
Kill Bill: Vol. 2,2004,"Action, Crime, Thriller",8,Quentin Tarantino
Vozvrashchenie,2003,Drama,8,Andrey Zvyagintsev
Bom Yeoareum Gaeul Gyeoul Geurigo Bom,2003,"Drama, Romance",8,Ki-duk Kim
Mar adentro,2014,"Biography, Drama",8,Alejandro Amenábar
Cinderella Man,2005,"Biography, Drama, History",8,Ron Howard
Kal Ho Naa Ho,2003,"Comedy, Drama, Musical",8,Nikkhil Advani
Mou gaan dou,2002,"Action, Crime, Drama",8,Andrew Lau
Pirates of the Caribbean: The Curse of the Black Pearl,2003,"Action, Adventure, Fantasy",8,Gore Verbinski
Big Fish,2003,"Adventure, Drama, Fantasy",8,Tim Burton
The Incredibles,2004,"Animation, Action, Adventure",8,Brad Bird
Yeopgijeogin geunyeo,2001,"Comedy, Drama, Romance",8,Jae-young Kwak
Dogville,2003,"Crime, Drama",8,Lars von Trier
Vizontele,2001,"Comedy, Drama",8,Yilmaz Erdogan
Donnie Darko,2001,"Drama, Mystery, Sci-Fi",8,Richard Kelly
Magnolia,1999,Drama,8,Paul Thomas Anderson
Dancer in the Dark,2000,"Crime, Drama, Musical",8,Lars von Trier
The Straight Story,1999,"Biography, Drama",8,David Lynch
Pâfekuto burû,1997,"Animation, Crime, Mystery",8,Satoshi Kon
Festen,1998,Drama,8,Thomas Vinterberg
Central do Brasil,1998,Drama,8,Walter Salles
The Iron Giant,1999,"Animation, Action, Adventure",8,Brad Bird
Knockin' on Heaven's Door,1997,"Action, Crime, Comedy",8,Thomas Jahn
Sling Blade,1996,Drama,8,Billy Bob Thornton
Secrets & Lies,1996,"Comedy, Drama",8,Mike Leigh
Twelve Monkeys,1995,"Mystery, Sci-Fi, Thriller",8,Terry Gilliam
Kôkaku Kidôtai,1995,"Animation, Action, Crime",8,Mamoru Oshii
The Nightmare Before Christmas,1993,"Animation, Family, Fantasy",8,Henry Selick
Groundhog Day,1993,"Comedy, Fantasy, Romance",8,Harold Ramis
Bound by Honor,1993,"Crime, Drama",8,Taylor Hackford
Scent of a Woman,1992,Drama,8,Martin Brest
Aladdin,1992,"Animation, Adventure, Comedy",8,Ron Clements
JFK,1991,"Drama, History, Thriller",8,Oliver Stone
Beauty and the Beast,1991,"Animation, Family, Fantasy",8,Gary Trousdale
Dances with Wolves,1990,"Adventure, Drama, Western",8,Kevin Costner
Do the Right Thing,1989,"Comedy, Drama",8,Spike Lee
Rain Man,1988,Drama,8,Barry Levinson
Akira,1988,"Animation, Action, Sci-Fi",8,Katsuhiro Ôtomo
The Princess Bride,1987,"Adventure, Family, Fantasy",8,Rob Reiner
Der Himmel über Berlin,1987,"Drama, Fantasy, Romance",8,Wim Wenders
Au revoir les enfants,1987,"Drama, War",8,Louis Malle
Tenkû no shiro Rapyuta,1986,"Animation, Adventure, Drama",8,Hayao Miyazaki
The Terminator,1984,"Action, Sci-Fi",8,James Cameron
Gandhi,1982,"Biography, Drama, History",8,Richard Attenborough
Kagemusha,1980,"Drama, History, War",8,Akira Kurosawa
Being There,1979,"Comedy, Drama",8,Hal Ashby
Annie Hall,1977,"Comedy, Romance",8,Woody Allen
Jaws,1975,"Adventure, Thriller",8,Steven Spielberg
Dog Day Afternoon,1975,"Biography, Crime, Drama",8,Sidney Lumet
Young Frankenstein,1974,Comedy,8,Mel Brooks
Papillon,1973,"Biography, Crime, Drama",8,Franklin J. Schaffner
The Exorcist,1973,Horror,8,William Friedkin
Sleuth,1972,"Mystery, Thriller",8,Joseph L. Mankiewicz
The Last Picture Show,1971,"Drama, Romance",8,Peter Bogdanovich
Fiddler on the Roof,1971,"Drama, Family, Musical",8,Norman Jewison
Il conformista,1970,Drama,8,Bernardo Bertolucci
Butch Cassidy and the Sundance Kid,1969,"Biography, Crime, Drama",8,George Roy Hill
Rosemary's Baby,1968,"Drama, Horror",8,Roman Polanski
Planet of the Apes,1968,"Adventure, Sci-Fi",8,Franklin J. Schaffner
The Graduate,1967,"Comedy, Drama, Romance",8,Mike Nichols
Who's Afraid of Virginia Woolf?,1966,Drama,8,Mike Nichols
The Sound of Music,1965,"Biography, Drama, Family",8,Robert Wise
Doctor Zhivago,1965,"Drama, Romance, War",8,David Lean
Per un pugno di dollari,1964,"Action, Drama, Western",8,Sergio Leone
8½,1963,Drama,8,Federico Fellini
Vivre sa vie: Film en douze tableaux,1962,Drama,8,Jean-Luc Godard
The Hustler,1961,"Drama, Sport",8,Robert Rossen
La dolce vita,1960,"Comedy, Drama",8,Federico Fellini
Rio Bravo,1959,"Action, Drama, Western",8,Howard Hawks
Anatomy of a Murder,1959,"Crime, Drama, Mystery",8,Otto Preminger
Touch of Evil,1958,"Crime, Drama, Film-Noir",8,Orson Welles
Cat on a Hot Tin Roof,1958,Drama,8,Richard Brooks
Sweet Smell of Success,1957,"Drama, Film-Noir",8,Alexander Mackendrick
The Killing,1956,"Crime, Drama, Film-Noir",8,Stanley Kubrick
The Night of the Hunter,1955,"Crime, Drama, Film-Noir",8,Charles Laughton
La Strada,1954,Drama,8,Federico Fellini
Les diaboliques,1955,"Crime, Drama, Horror",8,Henri-Georges Clouzot
Stalag 17,1953,"Comedy, Drama, War",8,Billy Wilder
Roman Holiday,1953,"Comedy, Romance",8,William Wyler
A Streetcar Named Desire,1951,Drama,8,Elia Kazan
In a Lonely Place,1950,"Drama, Film-Noir, Mystery",8,Nicholas Ray
Kind Hearts and Coronets,1949,"Comedy, Crime",8,Robert Hamer
Rope,1948,"Crime, Drama, Mystery",8,Alfred Hitchcock
Out of the Past,1947,"Crime, Drama, Film-Noir",8,Jacques Tourneur
Brief Encounter,1945,"Drama, Romance",8,David Lean
Laura,1944,"Drama, Film-Noir, Mystery",8,Otto Preminger
The Best Years of Our Lives,1946,"Drama, Romance, War",8,William Wyler
Arsenic and Old Lace,1942,"Comedy, Crime, Thriller",8,Frank Capra
The Maltese Falcon,1941,"Film-Noir, Mystery",8,John Huston
The Grapes of Wrath,1940,"Drama, History",8,John Ford
The Wizard of Oz,1939,"Adventure, Family, Fantasy",8,Victor Fleming
La règle du jeu,1939,"Comedy, Drama",8,Jean Renoir
The Thin Man,1934,"Comedy, Crime, Mystery",8,W.S. Van Dyke
All Quiet on the Western Front,1930,"Drama, War",8,Lewis Milestone
Bronenosets Potemkin,1925,"Drama, History, Thriller",8,Sergei M. Eisenstein
Knives Out,2019,"Comedy, Crime, Drama",7.9,Rian Johnson
Dil Bechara,2020,"Comedy, Drama, Romance",7.9,Mukesh Chhabra
Manbiki kazoku,2018,"Crime, Drama",7.9,Hirokazu Koreeda
Marriage Story,2019,"Comedy, Drama, Romance",7.9,Noah Baumbach
Call Me by Your Name,2017,"Drama, Romance",7.9,Luca Guadagnino
"I, Daniel Blake",2016,Drama,7.9,Ken Loach
Isle of Dogs,2018,"Animation, Adventure, Comedy",7.9,Wes Anderson
Hunt for the Wilderpeople,2016,"Adventure, Comedy, Drama",7.9,Taika Waititi
Captain Fantastic,2016,"Comedy, Drama",7.9,Matt Ross
Sing Street,2016,"Comedy, Drama, Music",7.9,John Carney
Thor: Ragnarok,2017,"Action, Adventure, Comedy",7.9,Taika Waititi
Nightcrawler,2014,"Crime, Drama, Thriller",7.9,Dan Gilroy
Jojo Rabbit,2019,"Comedy, Drama, War",7.9,Taika Waititi
Arrival,2016,"Drama, Sci-Fi",7.9,Denis Villeneuve
Star Wars: Episode VII - The Force Awakens,2015,"Action, Adventure, Sci-Fi",7.9,J.J. Abrams
Before Midnight,2013,"Drama, Romance",7.9,Richard Linklater
X-Men: Days of Future Past,2014,"Action, Adventure, Sci-Fi",7.9,Bryan Singer
Bir Zamanlar Anadolu'da,2011,"Crime, Drama",7.9,Nuri Bilge Ceylan
The Artist,2011,"Comedy, Drama, Romance",7.9,Michel Hazanavicius
Edge of Tomorrow,2014,"Action, Adventure, Sci-Fi",7.9,Doug Liman
Amour,2012,"Drama, Romance",7.9,Michael Haneke
The Irishman,2019,"Biography, Crime, Drama",7.9,Martin Scorsese
Un prophète,2009,"Crime, Drama",7.9,Jacques Audiard
Moon,2009,"Drama, Mystery, Sci-Fi",7.9,Duncan Jones
Låt den rätte komma in,2008,"Crime, Drama, Fantasy",7.9,Tomas Alfredson
District 9,2009,"Action, Sci-Fi, Thriller",7.9,Neill Blomkamp
The Wrestler,2008,"Drama, Sport",7.9,Darren Aronofsky
Jab We Met,2007,"Comedy, Drama, Romance",7.9,Imtiaz Ali
Boyhood,2014,Drama,7.9,Richard Linklater
"4 luni, 3 saptamâni si 2 zile",2007,Drama,7.9,Cristian Mungiu
Star Trek,2009,"Action, Adventure, Sci-Fi",7.9,J.J. Abrams
In Bruges,2008,"Comedy, Crime, Drama",7.9,Martin McDonagh
The Man from Earth,2007,"Drama, Fantasy, Mystery",7.9,Richard Schenkman
Letters from Iwo Jima,2006,"Action, Adventure, Drama",7.9,Clint Eastwood
The Fall,2006,"Adventure, Drama, Fantasy",7.9,Tarsem Singh
Life of Pi,2012,"Adventure, Drama, Fantasy",7.9,Ang Lee
Fantastic Mr. Fox,2009,"Animation, Adventure, Comedy",7.9,Wes Anderson
C.R.A.Z.Y.,2005,"Comedy, Drama",7.9,Jean-Marc Vallée
Les choristes,2004,"Drama, Music",7.9,Christophe Barratier
Iron Man,2008,"Action, Adventure, Sci-Fi",7.9,Jon Favreau
Shaun of the Dead,2004,"Comedy, Horror",7.9,Edgar Wright
Gegen die Wand,2004,"Drama, Romance",7.9,Fatih Akin
Mystic River,2003,"Crime, Drama, Mystery",7.9,Clint Eastwood
Harry Potter and the Prisoner of Azkaban,2004,"Adventure, Family, Fantasy",7.9,Alfonso Cuarón
Ying xiong,2002,"Action, Adventure, History",7.9,Yimou Zhang
Hable con ella,2002,"Drama, Mystery, Romance",7.9,Pedro Almodóvar
No Man's Land,2001,"Comedy, Drama, War",7.9,Danis Tanovic
Cowboy Bebop: Tengoku no tobira,2001,"Animation, Action, Crime",7.9,Shin'ichirô Watanabe
The Bourne Identity,2002,"Action, Mystery, Thriller",7.9,Doug Liman
Nueve reinas,2000,"Crime, Drama, Thriller",7.9,Fabián Bielinsky
Children of Men,2006,"Adventure, Drama, Sci-Fi",7.9,Alfonso Cuarón
Almost Famous,2000,"Adventure, Comedy, Drama",7.9,Cameron Crowe
Mulholland Dr.,2001,"Drama, Mystery, Thriller",7.9,David Lynch
Toy Story 2,1999,"Animation, Adventure, Comedy",7.9,John Lasseter
Boogie Nights,1997,Drama,7.9,Paul Thomas Anderson
Mimi wo sumaseba,1995,"Animation, Drama, Family",7.9,Yoshifumi Kondô
Once Were Warriors,1994,"Crime, Drama",7.9,Lee Tamahori
True Romance,1993,"Crime, Drama, Romance",7.9,Tony Scott
Trois couleurs: Bleu,1993,"Drama, Music, Mystery",7.9,Krzysztof Kieslowski
Jûbê ninpûchô,1993,"Animation, Action, Adventure",7.9,Yoshiaki Kawajiri
Carlito's Way,1993,"Crime, Drama, Thriller",7.9,Brian De Palma
Edward Scissorhands,1990,"Drama, Fantasy, Romance",7.9,Tim Burton
My Left Foot: The Story of Christy Brown,1989,"Biography, Drama",7.9,Jim Sheridan
Crimes and Misdemeanors,1989,"Comedy, Drama",7.9,Woody Allen
The Untouchables,1987,"Crime, Drama, Thriller",7.9,Brian De Palma
Hannah and Her Sisters,1986,"Comedy, Drama",7.9,Woody Allen
Brazil,1985,"Drama, Sci-Fi",7.9,Terry Gilliam
This Is Spinal Tap,1984,"Comedy, Music",7.9,Rob Reiner
A Christmas Story,1983,"Comedy, Family",7.9,Bob Clark
The Blues Brothers,1980,"Action, Adventure, Comedy",7.9,John Landis
Manhattan,1979,"Comedy, Drama, Romance",7.9,Woody Allen
All That Jazz,1979,"Drama, Music, Musical",7.9,Bob Fosse
Dawn of the Dead,1978,"Action, Adventure, Horror",7.9,George A. Romero
All the President's Men,1976,"Biography, Drama, History",7.9,Alan J. Pakula
La montaña sagrada,1973,"Adventure, Drama, Fantasy",7.9,Alejandro Jodorowsky
Amarcord,1973,"Comedy, Drama, Family",7.9,Federico Fellini
Le charme discret de la bourgeoisie,1972,Comedy,7.9,Luis Buñuel
"Aguirre, der Zorn Gottes",1972,"Action, Adventure, Biography",7.9,Werner Herzog
Harold and Maude,1971,"Comedy, Drama, Romance",7.9,Hal Ashby
Patton,1970,"Biography, Drama, War",7.9,Franklin J. Schaffner
The Wild Bunch,1969,"Action, Adventure, Western",7.9,Sam Peckinpah
Night of the Living Dead,1968,"Horror, Thriller",7.9,George A. Romero
The Lion in Winter,1968,"Biography, Drama, History",7.9,Anthony Harvey
In the Heat of the Night,1967,"Crime, Drama, Mystery",7.9,Norman Jewison
Charade,1963,"Comedy, Mystery, Romance",7.9,Stanley Donen
The Manchurian Candidate,1962,"Drama, Thriller",7.9,John Frankenheimer
Spartacus,1960,"Adventure, Biography, Drama",7.9,Stanley Kubrick
L'avventura,1960,"Drama, Mystery",7.9,Michelangelo Antonioni
Hiroshima mon amour,1959,"Drama, Romance",7.9,Alain Resnais
The Ten Commandments,1956,"Adventure, Drama",7.9,Cecil B. DeMille
The Searchers,1956,"Adventure, Drama, Western",7.9,John Ford
East of Eden,1955,Drama,7.9,Elia Kazan
High Noon,1952,"Drama, Thriller, Western",7.9,Fred Zinnemann
Strangers on a Train,1951,"Crime, Film-Noir, Thriller",7.9,Alfred Hitchcock
Harvey,1950,"Comedy, Drama, Fantasy",7.9,Henry Koster
Miracle on 34th Street,1947,"Comedy, Drama, Family",7.9,George Seaton
Notorious,1946,"Drama, Film-Noir, Romance",7.9,Alfred Hitchcock
The Big Sleep,1946,"Crime, Film-Noir, Mystery",7.9,Howard Hawks
The Lost Weekend,1945,"Drama, Film-Noir",7.9,Billy Wilder
The Philadelphia Story,1940,"Comedy, Romance",7.9,George Cukor
His Girl Friday,1940,"Comedy, Drama, Romance",7.9,Howard Hawks
The Adventures of Robin Hood,1938,"Action, Adventure, Romance",7.9,Michael Curtiz
A Night at the Opera,1935,"Comedy, Music, Musical",7.9,Sam Wood
King Kong,1933,"Adventure, Horror, Sci-Fi",7.9,Merian C. Cooper
Freaks,1932,"Drama, Horror",7.9,Tod Browning
Nosferatu,1922,"Fantasy, Horror",7.9,F.W. Murnau
The Gentlemen,2019,"Action, Comedy, Crime",7.8,Guy Ritchie
Raazi,2018,"Action, Drama, Thriller",7.8,Meghna Gulzar
Sound of Metal,2019,"Drama, Music",7.8,Darius Marder
Forushande,2016,Drama,7.8,Asghar Farhadi
Dunkirk,2017,"Action, Drama, History",7.8,Christopher Nolan
Perfetti sconosciuti,2016,"Comedy, Drama",7.8,Paolo Genovese
Hidden Figures,2016,"Biography, Drama, History",7.8,Theodore Melfi
Paddington 2,2017,"Adventure, Comedy, Family",7.8,Paul King
Udta Punjab,2016,"Action, Crime, Drama",7.8,Abhishek Chaubey
Kubo and the Two Strings,2016,"Animation, Action, Adventure",7.8,Travis Knight
M.S. Dhoni: The Untold Story,2016,"Biography, Drama, Sport",7.8,Neeraj Pandey
Manchester by the Sea,2016,Drama,7.8,Kenneth Lonergan
Under sandet,2015,"Drama, History, War",7.8,Martin Zandvliet
Rogue One,2016,"Action, Adventure, Sci-Fi",7.8,Gareth Edwards
Captain America: Civil War,2016,"Action, Adventure, Sci-Fi",7.8,Anthony Russo
The Hateful Eight,2015,"Crime, Drama, Mystery",7.8,Quentin Tarantino
Little Women,2019,"Drama, Romance",7.8,Greta Gerwig
Loving Vincent,2017,"Animation, Biography, Crime",7.8,Dorota Kobiela
Pride,2014,"Biography, Comedy, Drama",7.8,Matthew Warchus
Le passé,2013,"Drama, Mystery",7.8,Asghar Farhadi
La grande bellezza,2013,Drama,7.8,Paolo Sorrentino
The Lunchbox,2013,"Drama, Romance",7.8,Ritesh Batra
Vicky Donor,2012,"Comedy, Romance",7.8,Shoojit Sircar
Big Hero 6,2014,"Animation, Action, Adventure",7.8,Don Hall
About Time,2013,"Comedy, Drama, Fantasy",7.8,Richard Curtis
English Vinglish,2012,"Comedy, Drama, Family",7.8,Gauri Shinde
Kaze tachinu,2013,"Animation, Biography, Drama",7.8,Hayao Miyazaki
Toy Story 4,2019,"Animation, Adventure, Comedy",7.8,Josh Cooley
La migliore offerta,2013,"Crime, Drama, Mystery",7.8,Giuseppe Tornatore
Moonrise Kingdom,2012,"Comedy, Drama, Romance",7.8,Wes Anderson
How to Train Your Dragon 2,2014,"Animation, Action, Adventure",7.8,Dean DeBlois
The Big Short,2015,"Biography, Comedy, Drama",7.8,Adam McKay
Kokuhaku,2010,"Drama, Thriller",7.8,Tetsuya Nakashima
Ang-ma-reul bo-at-da,2010,"Action, Crime, Drama",7.8,Jee-woon Kim
The Girl with the Dragon Tattoo,2011,"Crime, Drama, Mystery",7.8,David Fincher
Captain Phillips,2013,"Adventure, Biography, Crime",7.8,Paul Greengrass
Ajeossi,2010,"Action, Crime, Drama",7.8,Jeong-beom Lee
Straight Outta Compton,2015,"Biography, Drama, History",7.8,F. Gary Gray
Madeo,2009,"Crime, Drama, Mystery",7.8,Bong Joon Ho
Chugyeokja,2008,"Action, Crime, Thriller",7.8,Hong-jin Na
The Hobbit: The Desolation of Smaug,2013,"Adventure, Fantasy",7.8,Peter Jackson
Das weiße Band - Eine deutsche Kindergeschichte,2009,"Drama, History, Mystery",7.8,Michael Haneke
Män som hatar kvinnor,2009,"Crime, Drama, Mystery",7.8,Niels Arden Oplev
The Trial of the Chicago 7,2020,"Drama, History, Thriller",7.8,Aaron Sorkin
Druk,2020,"Comedy, Drama",7.8,Thomas Vinterberg
The Fighter,2010,"Biography, Drama, Sport",7.8,David O. Russell
Taken,2008,"Action, Thriller",7.8,Pierre Morel
The Boy in the Striped Pyjamas,2008,"Drama, History, War",7.8,Mark Herman
Once,2007,"Drama, Music, Romance",7.8,John Carney
The Hobbit: An Unexpected Journey,2012,"Adventure, Fantasy",7.8,Peter Jackson
Auf der anderen Seite,2007,Drama,7.8,Fatih Akin
Atonement,2007,"Drama, Mystery, Romance",7.8,Joe Wright
Drive,2011,"Crime, Drama",7.8,Nicolas Winding Refn
American Gangster,2007,"Biography, Crime, Drama",7.8,Ridley Scott
Avatar,2009,"Action, Adventure, Fantasy",7.8,James Cameron
Mr. Nobody,2009,"Drama, Fantasy, Romance",7.8,Jaco Van Dormael
Apocalypto,2006,"Action, Adventure, Drama",7.8,Mel Gibson
Little Miss Sunshine,2006,"Comedy, Drama",7.8,Jonathan Dayton
Hot Fuzz,2007,"Action, Comedy, Mystery",7.8,Edgar Wright
The Curious Case of Benjamin Button,2008,"Drama, Fantasy, Romance",7.8,David Fincher
Veer-Zaara,2004,"Drama, Family, Musical",7.8,Yash Chopra
Adams æbler,2005,"Comedy, Crime, Drama",7.8,Anders Thomas Jensen
Pride & Prejudice,2005,"Drama, Romance",7.8,Joe Wright
The World's Fastest Indian,2005,"Biography, Drama, Sport",7.8,Roger Donaldson
Tôkyô goddofâzâzu,2003,"Animation, Adventure, Comedy",7.8,Satoshi Kon
Serenity,2005,"Action, Adventure, Sci-Fi",7.8,Joss Whedon
Walk the Line,2005,"Biography, Drama, Music",7.8,James Mangold
Ondskan,2003,Drama,7.8,Mikael Håfström
The Notebook,2004,"Drama, Romance",7.8,Nick Cassavetes
Diarios de motocicleta,2004,"Adventure, Biography, Drama",7.8,Walter Salles
Lilja 4-ever,2002,"Crime, Drama",7.8,Lukas Moodysson
Les triplettes de Belleville,2003,"Animation, Comedy, Drama",7.8,Sylvain Chomet
Gongdong gyeongbi guyeok JSA,2000,"Action, Drama, Thriller",7.8,Chan-wook Park
The Count of Monte Cristo,2002,"Action, Adventure, Drama",7.8,Kevin Reynolds
Waking Life,2001,"Animation, Drama, Fantasy",7.8,Richard Linklater
Remember the Titans,2000,"Biography, Drama, Sport",7.8,Boaz Yakin
Wo hu cang long,2000,"Action, Adventure, Fantasy",7.8,Ang Lee
Todo sobre mi madre,1999,Drama,7.8,Pedro Almodóvar
Cast Away,2000,"Adventure, Drama, Romance",7.8,Robert Zemeckis
The Boondock Saints,1999,"Action, Crime, Thriller",7.8,Troy Duffy
The Insider,1999,"Biography, Drama, Thriller",7.8,Michael Mann
October Sky,1999,"Biography, Drama, Family",7.8,Joe Johnston
Shrek,2001,"Animation, Adventure, Comedy",7.8,Andrew Adamson
Titanic,1997,"Drama, Romance",7.8,James Cameron
Hana-bi,1997,"Crime, Drama, Romance",7.8,Takeshi Kitano
Gattaca,1997,"Drama, Sci-Fi, Thriller",7.8,Andrew Niccol
The Game,1997,"Action, Drama, Mystery",7.8,David Fincher
Breaking the Waves,1996,Drama,7.8,Lars von Trier
Ed Wood,1994,"Biography, Comedy, Drama",7.8,Tim Burton
What's Eating Gilbert Grape,1993,Drama,7.8,Lasse Hallström
Tombstone,1993,"Action, Biography, Drama",7.8,George P. Cosmatos
The Sandlot,1993,"Comedy, Drama, Family",7.8,David Mickey Evans
The Remains of the Day,1993,"Drama, Romance",7.8,James Ivory
Naked,1993,"Comedy, Drama",7.8,Mike Leigh
The Fugitive,1993,"Action, Crime, Drama",7.8,Andrew Davis
A Bronx Tale,1993,"Crime, Drama, Romance",7.8,Robert De Niro
Batman: Mask of the Phantasm,1993,"Animation, Action, Crime",7.8,Kevin Altieri
Lat sau san taam,1992,"Action, Crime, Thriller",7.8,John Woo
Night on Earth,1991,"Comedy, Drama",7.8,Jim Jarmusch
La double vie de Véronique,1991,"Drama, Fantasy, Music",7.8,Krzysztof Kieslowski
Boyz n the Hood,1991,"Crime, Drama",7.8,John Singleton
Misery,1990,"Drama, Thriller",7.8,Rob Reiner
Awakenings,1990,"Biography, Drama",7.8,Penny Marshall
Majo no takkyûbin,1989,"Animation, Adventure, Drama",7.8,Hayao Miyazaki
Glory,1989,"Biography, Drama, History",7.8,Edward Zwick
Dip huet seung hung,1989,"Action, Crime, Drama",7.8,John Woo
Back to the Future Part II,1989,"Adventure, Comedy, Sci-Fi",7.8,Robert Zemeckis
Mississippi Burning,1988,"Crime, Drama, History",7.8,Alan Parker
Predator,1987,"Action, Adventure, Sci-Fi",7.8,John McTiernan
Evil Dead II,1987,"Action, Comedy, Fantasy",7.8,Sam Raimi
Ferris Bueller's Day Off,1986,Comedy,7.8,John Hughes
Down by Law,1986,"Comedy, Crime, Drama",7.8,Jim Jarmusch
The Goonies,1985,"Adventure, Comedy, Family",7.8,Richard Donner
The Color Purple,1985,Drama,7.8,Steven Spielberg
The Breakfast Club,1985,"Comedy, Drama",7.8,John Hughes
The Killing Fields,1984,"Biography, Drama, History",7.8,Roland Joffé
Ghostbusters,1984,"Action, Comedy, Fantasy",7.8,Ivan Reitman
The Right Stuff,1983,"Adventure, Biography, Drama",7.8,Philip Kaufman
The King of Comedy,1982,"Comedy, Crime, Drama",7.8,Martin Scorsese
E.T. the Extra-Terrestrial,1982,"Family, Sci-Fi",7.8,Steven Spielberg
Kramer vs. Kramer,1979,Drama,7.8,Robert Benton
Days of Heaven,1978,"Drama, Romance",7.8,Terrence Malick
The Outlaw Josey Wales,1976,Western,7.8,Clint Eastwood
The Man Who Would Be King,1975,"Adventure, History, War",7.8,John Huston
The Conversation,1974,"Drama, Mystery, Thriller",7.8,Francis Ford Coppola
La planète sauvage,1973,"Animation, Sci-Fi",7.8,René Laloux
The Day of the Jackal,1973,"Crime, Drama, Thriller",7.8,Fred Zinnemann
Badlands,1973,"Action, Crime, Drama",7.8,Terrence Malick
Cabaret,1972,"Drama, Music, Musical",7.8,Bob Fosse
Willy Wonka & the Chocolate Factory,1971,"Family, Fantasy, Musical",7.8,Mel Stuart
Midnight Cowboy,1969,Drama,7.8,John Schlesinger
Wait Until Dark,1967,Thriller,7.8,Terence Young
Guess Who's Coming to Dinner,1967,"Comedy, Drama",7.8,Stanley Kramer
Bonnie and Clyde,1967,"Action, Biography, Crime",7.8,Arthur Penn
My Fair Lady,1964,"Drama, Family, Musical",7.8,George Cukor
Mary Poppins,1964,"Comedy, Family, Fantasy",7.8,Robert Stevenson
The Longest Day,1962,"Action, Drama, History",7.8,Ken Annakin
Jules et Jim,1962,"Drama, Romance",7.8,François Truffaut
The Innocents,1961,Horror,7.8,Jack Clayton
À bout de souffle,1960,"Crime, Drama",7.8,Jean-Luc Godard
Red River,1948,"Action, Adventure, Drama",7.8,Howard Hawks
Key Largo,1948,"Action, Crime, Drama",7.8,John Huston
To Have and Have Not,1944,"Adventure, Comedy, Film-Noir",7.8,Howard Hawks
Shadow of a Doubt,1943,"Film-Noir, Thriller",7.8,Alfred Hitchcock
Stagecoach,1939,"Adventure, Drama, Western",7.8,John Ford
The Lady Vanishes,1938,"Mystery, Thriller",7.8,Alfred Hitchcock
Bringing Up Baby,1938,"Comedy, Family, Romance",7.8,Howard Hawks
Bride of Frankenstein,1935,"Drama, Horror, Sci-Fi",7.8,James Whale
Duck Soup,1933,"Comedy, Musical, War",7.8,Leo McCarey
Scarface: The Shame of the Nation,1932,"Action, Crime, Drama",7.8,Howard Hawks
Frankenstein,1931,"Drama, Horror, Sci-Fi",7.8,James Whale
Roma,2018,Drama,7.7,Alfonso Cuarón
God's Own Country,2017,"Drama, Romance",7.7,Francis Lee
Deadpool 2,2018,"Action, Adventure, Comedy",7.7,David Leitch
Wind River,2017,"Crime, Drama, Mystery",7.7,Taylor Sheridan
Get Out,2017,"Horror, Mystery, Thriller",7.7,Jordan Peele
Mission: Impossible - Fallout,2018,"Action, Adventure, Thriller",7.7,Christopher McQuarrie
En man som heter Ove,2015,"Comedy, Drama, Romance",7.7,Hannes Holm
What We Do in the Shadows,2014,"Comedy, Horror",7.7,Jemaine Clement
Omoide no Mânî,2014,"Animation, Drama, Family",7.7,James Simone
The Theory of Everything,2014,"Biography, Drama, Romance",7.7,James Marsh
Kingsman: The Secret Service,2014,"Action, Adventure, Comedy",7.7,Matthew Vaughn
The Fault in Our Stars,2014,"Drama, Romance",7.7,Josh Boone
Me and Earl and the Dying Girl,2015,"Comedy, Drama",7.7,Alfonso Gomez-Rejon
Birdman or (The Unexpected Virtue of Ignorance),2014,"Comedy, Drama",7.7,Alejandro G. Iñárritu
La vie d'Adèle,2013,"Drama, Romance",7.7,Abdellatif Kechiche
Kai po che!,2013,"Drama, Sport",7.7,Abhishek Kapoor
The Broken Circle Breakdown,2012,"Drama, Music, Romance",7.7,Felix van Groeningen
Captain America: The Winter Soldier,2014,"Action, Adventure, Sci-Fi",7.7,Anthony Russo
Rockstar,2011,"Drama, Music, Musical",7.7,Imtiaz Ali
Nebraska,2013,"Adventure, Comedy, Drama",7.7,Alexander Payne
Wreck-It Ralph,2012,"Animation, Adventure, Comedy",7.7,Rich Moore
Le Petit Prince,2015,"Animation, Adventure, Drama",7.7,Mark Osborne
Detachment,2011,Drama,7.7,Tony Kaye
Midnight in Paris,2011,"Comedy, Fantasy, Romance",7.7,Woody Allen
The Lego Movie,2014,"Animation, Action, Adventure",7.7,Christopher Miller
Gravity,2013,"Drama, Sci-Fi, Thriller",7.7,Alfonso Cuarón
Star Trek Into Darkness,2013,"Action, Adventure, Sci-Fi",7.7,J.J. Abrams
Beasts of No Nation,2015,"Drama, War",7.7,Cary Joji Fukunaga
The Social Network,2010,"Biography, Drama",7.7,David Fincher
X: First Class,2011,"Action, Adventure, Sci-Fi",7.7,Matthew Vaughn
The Hangover,2009,Comedy,7.7,Todd Phillips
Skyfall,2012,"Action, Adventure, Thriller",7.7,Sam Mendes
Silver Linings Playbook,2012,"Comedy, Drama, Romance",7.7,David O. Russell
Argo,2012,"Biography, Drama, Thriller",7.7,Ben Affleck
(500) Days of Summer,2009,"Comedy, Drama, Romance",7.7,Marc Webb
Harry Potter and the Deathly Hallows: Part 1,2010,"Adventure, Family, Fantasy",7.7,David Yates
Gake no ue no Ponyo,2008,"Animation, Adventure, Comedy",7.7,Hayao Miyazaki
Frost/Nixon,2008,"Biography, Drama, History",7.7,Ron Howard
Papurika,2006,"Animation, Drama, Fantasy",7.7,Satoshi Kon
Changeling,2008,"Biography, Crime, Drama",7.7,Clint Eastwood
Flipped,2010,"Comedy, Drama, Romance",7.7,Rob Reiner
Toki o kakeru shôjo,2006,"Animation, Adventure, Comedy",7.7,Mamoru Hosoda
Death Note: Desu nôto,2006,"Crime, Drama, Fantasy",7.7,Shûsuke Kaneko
This Is England,2006,"Crime, Drama",7.7,Shane Meadows
Ex Machina,2014,"Drama, Sci-Fi, Thriller",7.7,Alex Garland
Efter brylluppet,2006,Drama,7.7,Susanne Bier
The Last King of Scotland,2006,"Biography, Drama, History",7.7,Kevin Macdonald
Zodiac,2007,"Crime, Drama, Mystery",7.7,David Fincher
Lucky Number Slevin,2006,"Action, Crime, Drama",7.7,Paul McGuigan
Joyeux Noël,2005,"Drama, History, Music",7.7,Christian Carion
Control,2007,"Biography, Drama, Music",7.7,Anton Corbijn
Tangled,2010,"Animation, Adventure, Comedy",7.7,Nathan Greno
Zwartboek,2006,"Drama, Thriller, War",7.7,Paul Verhoeven
Brokeback Mountain,2005,"Drama, Romance",7.7,Ang Lee
3:10 to Yuma,2007,"Action, Crime, Drama",7.7,James Mangold
Crash,2004,"Crime, Drama, Thriller",7.7,Paul Haggis
Kung fu,2004,"Action, Comedy, Fantasy",7.7,Stephen Chow
The Bourne Supremacy,2004,"Action, Mystery, Thriller",7.7,Paul Greengrass
The Machinist,2004,"Drama, Thriller",7.7,Brad Anderson
Ray,2004,"Biography, Drama, Music",7.7,Taylor Hackford
Lost in Translation,2003,"Comedy, Drama",7.7,Sofia Coppola
Harry Potter and the Goblet of Fire,2005,"Adventure, Family, Fantasy",7.7,Mike Newell
Man on Fire,2004,"Action, Crime, Drama",7.7,Tony Scott
Coraline,2009,"Animation, Drama, Family",7.7,Henry Selick
The Last Samurai,2003,"Action, Drama",7.7,Edward Zwick
The Magdalene Sisters,2002,Drama,7.7,Peter Mullan
Good Bye Lenin!,2003,"Comedy, Drama, Romance",7.7,Wolfgang Becker
In America,2002,Drama,7.7,Jim Sheridan
I Am Sam,2001,Drama,7.7,Jessie Nelson
Adaptation.,2002,"Comedy, Drama",7.7,Spike Jonze
Black Hawk Down,2001,"Drama, History, War",7.7,Ridley Scott
Road to Perdition,2002,"Crime, Drama, Thriller",7.7,Sam Mendes
Das Experiment,2001,"Drama, Thriller",7.7,Oliver Hirschbiegel
Billy Elliot,2000,"Drama, Music",7.7,Stephen Daldry
Hedwig and the Angry Inch,2001,"Comedy, Drama, Music",7.7,John Cameron Mitchell
Ocean's Eleven,2001,"Crime, Thriller",7.7,Steven Soderbergh
Vampire Hunter D: Bloodlust,2000,"Animation, Action, Fantasy",7.7,Yoshiaki Kawajiri
"O Brother, Where Art Thou?",2000,"Adventure, Comedy, Crime",7.7,Joel Coen
Interstate 60: Episodes of the Road,2002,"Adventure, Comedy, Drama",7.7,Bob Gale
"South Park: Bigger, Longer & Uncut",1999,"Animation, Comedy, Fantasy",7.7,Trey Parker
Office Space,1999,Comedy,7.7,Mike Judge
Happiness,1998,"Comedy, Drama",7.7,Todd Solondz
Training Day,2001,"Crime, Drama, Thriller",7.7,Antoine Fuqua
Rushmore,1998,"Comedy, Drama, Romance",7.7,Wes Anderson
Abre los ojos,1997,"Drama, Mystery, Sci-Fi",7.7,Alejandro Amenábar
Being John Malkovich,1999,"Comedy, Drama, Fantasy",7.7,Spike Jonze
As Good as It Gets,1997,"Comedy, Drama, Romance",7.7,James L. Brooks
The Fifth Element,1997,"Action, Adventure, Sci-Fi",7.7,Luc Besson
Le dîner de cons,1998,Comedy,7.7,Francis Veber
Donnie Brasco,1997,"Biography, Crime, Drama",7.7,Mike Newell
Shine,1996,"Biography, Drama, Music",7.7,Scott Hicks
Primal Fear,1996,"Crime, Drama, Mystery",7.7,Gregory Hoblit
Hamlet,1996,Drama,7.7,Kenneth Branagh
A Little Princess,1995,"Drama, Family, Fantasy",7.7,Alfonso Cuarón
Do lok tin si,1995,"Comedy, Crime, Drama",7.7,Kar-Wai Wong
Il postino,1994,"Biography, Comedy, Drama",7.7,Michael Radford
Clerks,1994,Comedy,7.7,Kevin Smith
Short Cuts,1993,"Comedy, Drama",7.7,Robert Altman
Philadelphia,1993,Drama,7.7,Jonathan Demme
The Muppet Christmas Carol,1992,"Comedy, Drama, Family",7.7,Brian Henson
Malcolm X,1992,"Biography, Drama, History",7.7,Spike Lee
The Last of the Mohicans,1992,"Action, Adventure, Drama",7.7,Michael Mann
Kurenai no buta,1992,"Animation, Adventure, Comedy",7.7,Hayao Miyazaki
Glengarry Glen Ross,1992,"Crime, Drama, Mystery",7.7,James Foley
A Few Good Men,1992,"Drama, Thriller",7.7,Rob Reiner
Fried Green Tomatoes,1991,Drama,7.7,Jon Avnet
Barton Fink,1991,"Comedy, Drama, Thriller",7.7,Joel Coen
Miller's Crossing,1990,"Crime, Drama, Thriller",7.7,Joel Coen
Who Framed Roger Rabbit,1988,"Animation, Adventure, Comedy",7.7,Robert Zemeckis
Spoorloos,1988,"Mystery, Thriller",7.7,George Sluizer
Withnail & I,1987,"Comedy, Drama",7.7,Bruce Robinson
The Last Emperor,1987,"Biography, Drama, History",7.7,Bernardo Bertolucci
Empire of the Sun,1987,"Action, Drama, History",7.7,Steven Spielberg
Der Name der Rose,1986,"Crime, Drama, Mystery",7.7,Jean-Jacques Annaud
Blue Velvet,1986,"Drama, Mystery, Thriller",7.7,David Lynch
The Purple Rose of Cairo,1985,"Comedy, Fantasy, Romance",7.7,Woody Allen
After Hours,1985,"Comedy, Crime, Drama",7.7,Martin Scorsese
Zelig,1983,Comedy,7.7,Woody Allen
The Verdict,1982,Drama,7.7,Sidney Lumet
Star Trek II: The Wrath of Khan,1982,"Action, Adventure, Sci-Fi",7.7,Nicholas Meyer
First Blood,1982,"Action, Adventure",7.7,Ted Kotcheff
Ordinary People,1980,Drama,7.7,Robert Redford
Airplane!,1980,Comedy,7.7,Jim Abrahams
Rupan sansei: Kariosutoro no shiro,1979,"Animation, Adventure, Family",7.7,Hayao Miyazaki
Halloween,1978,"Horror, Thriller",7.7,John Carpenter
Le locataire,1976,"Drama, Thriller",7.7,Roman Polanski
Love and Death,1975,"Comedy, War",7.7,Woody Allen
The Taking of Pelham One Two Three,1974,"Action, Crime, Thriller",7.7,Joseph Sargent
Blazing Saddles,1974,"Comedy, Western",7.7,Mel Brooks
Serpico,1973,"Biography, Crime, Drama",7.7,Sidney Lumet
Enter the Dragon,1973,"Action, Crime, Drama",7.7,Robert Clouse
Deliverance,1972,"Adventure, Drama, Thriller",7.7,John Boorman
The French Connection,1971,"Action, Crime, Drama",7.7,William Friedkin
Dirty Harry,1971,"Action, Crime, Thriller",7.7,Don Siegel
Where Eagles Dare,1968,"Action, Adventure, War",7.7,Brian G. Hutton
The Odd Couple,1968,Comedy,7.7,Gene Saks
The Dirty Dozen,1967,"Action, Adventure, War",7.7,Robert Aldrich
Belle de jour,1967,"Drama, Romance",7.7,Luis Buñuel
A Man for All Seasons,1966,"Biography, Drama, History",7.7,Fred Zinnemann
Repulsion,1965,"Drama, Horror, Thriller",7.7,Roman Polanski
Zulu,1964,"Drama, History, War",7.7,Cy Endfield
Goldfinger,1964,"Action, Adventure, Thriller",7.7,Guy Hamilton
The Birds,1963,"Drama, Horror, Mystery",7.7,Alfred Hitchcock
Cape Fear,1962,"Drama, Thriller",7.7,J. Lee Thompson
Peeping Tom,1960,"Drama, Horror, Thriller",7.7,Michael Powell
The Magnificent Seven,1960,"Action, Adventure, Western",7.7,John Sturges
Les yeux sans visage,1960,"Drama, Horror",7.7,Georges Franju
Invasion of the Body Snatchers,1956,"Drama, Horror, Sci-Fi",7.7,Don Siegel
Rebel Without a Cause,1955,Drama,7.7,Nicholas Ray
The Ladykillers,1955,"Comedy, Crime",7.7,Alexander Mackendrick
Sabrina,1954,"Comedy, Drama, Romance",7.7,Billy Wilder
The Quiet Man,1952,"Comedy, Drama, Romance",7.7,John Ford
The Day the Earth Stood Still,1951,"Drama, Sci-Fi",7.7,Robert Wise
The African Queen,1951,"Adventure, Drama, Romance",7.7,John Huston
Gilda,1946,"Drama, Film-Noir, Romance",7.7,Charles Vidor
Fantasia,1940,"Animation, Family, Fantasy",7.7,James Algar
The Invisible Man,1933,"Horror, Sci-Fi",7.7,James Whale
Dark Waters,2019,"Biography, Drama, History",7.6,Todd Haynes
Searching,2018,"Drama, Mystery, Thriller",7.6,Aneesh Chaganty
Once Upon a Time... in Hollywood,2019,"Comedy, Drama",7.6,Quentin Tarantino
Nelyubov,2017,Drama,7.6,Andrey Zvyagintsev
The Florida Project,2017,Drama,7.6,Sean Baker
Just Mercy,2019,"Biography, Crime, Drama",7.6,Destin Daniel Cretton
Gifted,2017,Drama,7.6,Marc Webb
The Peanut Butter Falcon,2019,"Adventure, Comedy, Drama",7.6,Tyler Nilson
Victoria,2015,"Crime, Drama, Romance",7.6,Sebastian Schipper
Mustang,2015,Drama,7.6,Deniz Gamze Ergüven
Guardians of the Galaxy Vol. 2,2017,"Action, Adventure, Comedy",7.6,James Gunn
Baby Driver,2017,"Action, Crime, Drama",7.6,Edgar Wright
Only the Brave,2017,"Action, Biography, Drama",7.6,Joseph Kosinski
Bridge of Spies,2015,"Drama, History, Thriller",7.6,Steven Spielberg
Incredibles 2,2018,"Animation, Action, Adventure",7.6,Brad Bird
Moana,2016,"Animation, Adventure, Comedy",7.6,Ron Clements
Sicario,2015,"Action, Crime, Drama",7.6,Denis Villeneuve
Creed,2015,"Drama, Sport",7.6,Ryan Coogler
Leviafan,2014,"Crime, Drama",7.6,Andrey Zvyagintsev
Hell or High Water,2016,"Action, Crime, Drama",7.6,David Mackenzie
Philomena,2013,"Biography, Comedy, Drama",7.6,Stephen Frears
Dawn of the Planet of the Apes,2014,"Action, Adventure, Drama",7.6,Matt Reeves
El cuerpo,2012,"Mystery, Thriller",7.6,Oriol Paulo
Serbuan maut,2011,"Action, Thriller",7.6,Gareth Evans
End of Watch,2012,"Action, Crime, Drama",7.6,David Ayer
Kari-gurashi no Arietti,2010,"Animation, Adventure, Family",7.6,Hiromasa Yonebayashi
A Star Is Born,2018,"Drama, Music, Romance",7.6,Bradley Cooper
True Grit,2010,"Drama, Western",7.6,Ethan Coen
Hævnen,2010,"Drama, Romance",7.6,Susanne Bier
Despicable Me,2010,"Animation, Comedy, Crime",7.6,Pierre Coffin
50/50,2011,"Comedy, Drama, Romance",7.6,Jonathan Levine
Kick-Ass,2010,"Action, Comedy, Crime",7.6,Matthew Vaughn
Celda 211,2009,"Action, Adventure, Crime",7.6,Daniel Monzón
Moneyball,2011,"Biography, Drama, Sport",7.6,Bennett Miller
La piel que habito,2011,"Drama, Horror, Thriller",7.6,Pedro Almodóvar
Zombieland,2009,"Adventure, Comedy, Fantasy",7.6,Ruben Fleischer
Die Welle,2008,"Drama, Thriller",7.6,Dennis Gansel
Sherlock Holmes,2009,"Action, Adventure, Mystery",7.6,Guy Ritchie
The Blind Side,2009,"Biography, Drama, Sport",7.6,John Lee Hancock
The Visitor,2007,Drama,7.6,Tom McCarthy
Seven Pounds,2008,Drama,7.6,Gabriele Muccino
Eastern Promises,2007,"Action, Crime, Drama",7.6,David Cronenberg
Stardust,2007,"Adventure, Family, Fantasy",7.6,Matthew Vaughn
The Secret of Kells,2009,"Animation, Adventure, Family",7.6,Tomm Moore
Inside Man,2006,"Crime, Drama, Mystery",7.6,Spike Lee
Gone Baby Gone,2007,"Crime, Drama, Mystery",7.6,Ben Affleck
La Vie En Rose,2007,"Biography, Drama, Music",7.6,Olivier Dahan
Huo Yuan Jia,2006,"Action, Biography, Drama",7.6,Ronny Yu
The Illusionist,2006,"Drama, Fantasy, Mystery",7.6,Neil Burger
Dead Man's Shoes,2004,"Crime, Drama, Thriller",7.6,Shane Meadows
Harry Potter and the Half-Blood Prince,2009,"Action, Adventure, Family",7.6,David Yates
300,2006,"Action, Drama",7.6,Zack Snyder
Match Point,2005,"Drama, Romance, Thriller",7.6,Woody Allen
Watchmen,2009,"Action, Drama, Mystery",7.6,Zack Snyder
Lord of War,2005,"Action, Crime, Drama",7.6,Andrew Niccol
Saw,2004,"Horror, Mystery, Thriller",7.6,James Wan
"Synecdoche, New York",2008,Drama,7.6,Charlie Kaufman
Mysterious Skin,2004,Drama,7.6,Gregg Araki
Jeux d'enfants,2003,"Comedy, Drama, Romance",7.6,Yann Samuell
Un long dimanche de fiançailles,2004,"Drama, Mystery, Romance",7.6,Jean-Pierre Jeunet
The Station Agent,2003,"Comedy, Drama",7.6,Tom McCarthy
21 Grams,2003,"Crime, Drama, Thriller",7.6,Alejandro G. Iñárritu
Boksuneun naui geot,2002,"Crime, Drama, Thriller",7.6,Chan-wook Park
Finding Neverland,2004,"Biography, Drama, Family",7.6,Marc Forster
25th Hour,2002,Drama,7.6,Spike Lee
The Butterfly Effect,2004,"Drama, Sci-Fi, Thriller",7.6,Eric Bress
28 Days Later...,2002,"Drama, Horror, Sci-Fi",7.6,Danny Boyle
Batoru rowaiaru,2000,"Action, Adventure, Drama",7.6,Kinji Fukasaku
The Royal Tenenbaums,2001,"Comedy, Drama",7.6,Wes Anderson
Y tu mamá también,2001,Drama,7.6,Alfonso Cuarón
Harry Potter and the Sorcerer's Stone,2001,"Adventure, Family, Fantasy",7.6,Chris Columbus
The Others,2001,"Horror, Mystery, Thriller",7.6,Alejandro Amenábar
Blow,2001,"Biography, Crime, Drama",7.6,Ted Demme
Enemy at the Gates,2001,"Drama, History, War",7.6,Jean-Jacques Annaud
Minority Report,2002,"Action, Crime, Mystery",7.6,Steven Spielberg
The Hurricane,1999,"Biography, Drama, Sport",7.6,Norman Jewison
American Psycho,2000,"Comedy, Crime, Drama",7.6,Mary Harron
Lola rennt,1998,"Crime, Drama, Thriller",7.6,Tom Tykwer
The Thin Red Line,1998,"Drama, War",7.6,Terrence Malick
Mulan,1998,"Animation, Adventure, Family",7.6,Tony Bancroft
Fear and Loathing in Las Vegas,1998,"Adventure, Comedy, Drama",7.6,Terry Gilliam
Funny Games,1997,"Crime, Drama, Thriller",7.6,Michael Haneke
Dark City,1998,"Mystery, Sci-Fi, Thriller",7.6,Alex Proyas
Sleepers,1996,"Crime, Drama, Thriller",7.6,Barry Levinson
Lost Highway,1997,"Mystery, Thriller",7.6,David Lynch
Sense and Sensibility,1995,"Drama, Romance",7.6,Ang Lee
Die Hard: With a Vengeance,1995,"Action, Adventure, Thriller",7.6,John McTiernan
Dead Man,1995,"Adventure, Drama, Fantasy",7.6,Jim Jarmusch
The Bridges of Madison County,1995,"Drama, Romance",7.6,Clint Eastwood
Apollo 13,PG,"Adventure, Drama, History",7.6,Ron Howard
Trois couleurs: Blanc,1994,"Comedy, Drama, Romance",7.6,Krzysztof Kieslowski
Falling Down,1993,"Action, Crime, Drama",7.6,Joel Schumacher
Dazed and Confused,1993,Comedy,7.6,Richard Linklater
My Cousin Vinny,1992,"Comedy, Crime",7.6,Jonathan Lynn
Omohide poro poro,1991,"Animation, Drama, Romance",7.6,Isao Takahata
Delicatessen,1991,"Comedy, Crime",7.6,Marc Caro
Home Alone,1990,"Comedy, Family",7.6,Chris Columbus
The Godfather: Part III,1990,"Crime, Drama",7.6,Francis Ford Coppola
When Harry Met Sally...,1989,"Comedy, Drama, Romance",7.6,Rob Reiner
The Little Mermaid,1989,"Animation, Family, Fantasy",7.6,Ron Clements
The Naked Gun: From the Files of Police Squad!,1988,"Comedy, Crime",7.6,David Zucker
"Planes, Trains & Automobiles",1987,"Comedy, Drama",7.6,John Hughes
Lethal Weapon,1987,"Action, Crime, Thriller",7.6,Richard Donner
Blood Simple,1984,"Crime, Drama, Thriller",7.6,Joel Coen
On Golden Pond,1981,Drama,7.6,Mark Rydell
Mad Max 2,1981,"Action, Adventure, Sci-Fi",7.6,George Miller
The Warriors,1979,"Action, Crime, Thriller",7.6,Walter Hill
The Muppet Movie,1979,"Adventure, Comedy, Family",7.6,James Frawley
Escape from Alcatraz,1979,"Action, Biography, Crime",7.6,Don Siegel
Watership Down,1978,"Animation, Adventure, Drama",7.6,Martin Rosen
Midnight Express,1978,"Biography, Crime, Drama",7.6,Alan Parker
Close Encounters of the Third Kind,1977,"Drama, Sci-Fi",7.6,Steven Spielberg
The Long Goodbye,1973,"Comedy, Crime, Drama",7.6,Robert Altman
Giù la testa,1971,"Drama, War, Western",7.6,Sergio Leone
Kelly's Heroes,1970,"Adventure, Comedy, War",7.6,Brian G. Hutton
The Jungle Book,1967,"Animation, Adventure, Family",7.6,Wolfgang Reitherman
Blowup,1966,"Drama, Mystery, Thriller",7.6,Michelangelo Antonioni
A Hard Day's Night,1964,"Comedy, Music, Musical",7.6,Richard Lester
Breakfast at Tiffany's,1961,"Comedy, Drama, Romance",7.6,Blake Edwards
Giant,1956,"Drama, Western",7.6,George Stevens
From Here to Eternity,1953,"Drama, Romance, War",7.6,Fred Zinnemann
Lifeboat,1944,"Drama, War",7.6,Alfred Hitchcock
The 39 Steps,1935,"Crime, Mystery, Thriller",7.6,Alfred Hitchcock
Uri: The Surgical Strike,2019,"Action, Drama, History",8.4,Aditya Dhar
The Accidental Prime Minister,2019,"Biography, Drama",6.1,Vijay Ratnakar Gutte
Why Cheat India,2019,"Comedy, Crime, Drama",6,Soumik Sen
Soni,2018,"Crime, Drama",7.2,Ivan Ayr
Fraud Saiyyan,2019,"Comedy, Drama",4.2,Sourabh Shrivastava
Bombairiya,2019,"Comedy, Crime, Drama",4.3,Pia Sukanya
Manikarnika: The Queen of Jhansi,2019,"Action, Biography, Drama",6.5,"Radha Krishna Jagarlamudi, Kangana Ranaut"
Thackeray,2019,"Biography, Drama",5.1,"Abhijit Panse, Amol Bhor"
Amavas,2019,"Horror, Thriller",2.8,Bhushan Patel
Gully Boy,2019,"Drama, Music, Romance",8.2,Zoya Akhtar
Total Dhamaal,2019,"Action, Adventure, Comedy",4.3,Indra Kumar
Sonchiriya,2019,"Action, Crime, Drama",7.5,Abhishek Chaubey
Badla,2019,"Crime, Drama, Mystery",7.9,Sujoy Ghosh
Mard Ko Dard Nahin Hota,2018,"Action, Comedy, Drama",7.4,Vasan Bala
Hamid,2018,Drama,7.7,Aijaz Khan
Photograph,2019,"Drama, Romance",6.9,Ritesh Batra
Kesari,2019,"Action, Drama, History",7.4,Anurag Singh
Notebook,2019,"Drama, Romance",6.8,Nitin Kakkar
Junglee,2019,"Action, Adventure, Thriller",5.3,Chuck Russell
The Tashkent Files,2019,"Drama, Mystery, Thriller",8,Vivek Agnihotri
Kalank,2019,"Drama, Romance",3.6,Abhishek Varman
Student of the Year 2,2019,"Action, Comedy, Drama",2.5,Punit Malhotra
PM Narendra Modi,2019,"Biography, Drama",3.3,Omung Kumar
De De Pyaar De,2019,"Comedy, Drama, Romance",6.6,Akiv Ali
India's Most Wanted,2019,"Action, Adventure, Thriller",4.4,Raj Kumar Gupta
Kabir Singh,2019,"Action, Drama, Romance",7.2,Sandeep Reddy Vanga
Article 15,2019,"Crime, Drama, Mystery",8.3,Anubhav Sinha
One Day: Justice Delivered,2019,"Action, Crime, Thriller",6.8,Ashok Nanda
Super 30,2019,"Biography, Drama",8.2,Vikas Bahl
Batla House,2019,"Action, Crime, Drama",7.3,Nikkhil Advani
Judgementall Hai Kya,2019,"Comedy, Drama, Mystery",6,Prakash Kovelamudi
Arjun Patiala,2019,"Action, Comedy",4.1,Rohit Jugraj
The Sky Is Pink,2019,"Drama, Romance",6.6,Shonali Bose
Mission Mangal,2019,"Drama, History",6.5,Jagan Shakti
Saaho,2019,"Action, Thriller",5.5,Sujeeth
Dream Girl,2019,"Comedy, Romance",7.5,Raaj Shaandilyaa
Section 375,2019,"Crime, Drama, Mystery",8.4,Ajay Bahl
The Zoya Factor,2019,"Comedy, Drama, Romance",4.1,"Abhishek Sharma, Mehmet Tutkun"
Pal Pal Dil Ke Paas,2019,"Action, Drama, Romance",4.6,Sunny Deol
Prassthanam,2019,"Action, Drama",6,Deva Katta
P Se Pyaar F Se Faraar,2019,"Crime, Drama, Romance",7.8,Manoj Shidheshwari Tiwari
Bala,2019,Comedy,8.2,Amar Kaushik
Housefull 4,2019,"Action, Comedy, Drama",3.3,Farhad Samji
Saand Ki Aankh,2019,"Biography, Drama",8.9,Tushar Hiranandani
Made in China,2019,"Comedy, Drama",6.3,Mikhil Musale
Ujda Chaman,2019,Comedy,8.1,Abhishek Pathak
Bypass Road,2019,"Drama, Mystery, Thriller",7.1,Naman Nitin Mukesh
Satellite Shankar,2019,"Action, Drama",4.6,Irfan Kamal
Kaalakaandi,2018,"Comedy, Thriller",6.2,Akshat Verma
Vodka Diaries,2018,"Mystery, Thriller",5.6,Kushal Srivastava
Mukkabaaz,2017,"Action, Drama, Sport",8.1,Anurag Kashyap
Love Per Square Foot,2018,"Comedy, Romance",7.2,Anand Tiwari
Aiyaary,2018,"Action, Drama, Thriller",5.2,"Neeraj Pandey, Feroz Khan Bollybrothers"
Padmaavat,2018,"Drama, History, Romance",7,Sanjay Leela Bhansali
Sonu Ke Titu Ki Sweety,2018,"Comedy, Romance",7.1,Luv Ranjan
Hate Story IV,2018,"Crime, Drama, Thriller",3.3,Vishal Pandya
Raid,2018,"Action, Crime, Drama",7.4,Raj Kumar Gupta
Hichki,2018,"Comedy, Drama",7.5,Malhotra P. Siddharth
Missing,2018,"Drama, Mystery, Thriller",5.7,Mukul Abhyankar
Baaghi 2,2018,"Action, Crime, Drama",5,Ahmed Khan
October,2018,"Drama, Romance",7.5,"Shoojit Sircar, Kuran Dhillon"
Beyond the Clouds,2017,"Drama, Family",6.9,Majid Majidi
Omerta,2017,"Action, Biography, Crime",7,Hansal Mehta
Raazi,2018,"Action, Drama, Thriller",7.8,Meghna Gulzar
High Jack,2018,Comedy,5.2,Akarsh Khurana
Bhavesh Joshi Superhero,2018,"Action, Crime, Drama",7.6,Vikramaditya Motwane
Race 3,2018,"Action, Crime, Thriller",2,Remo D'Souza
Dhadak,2018,"Drama, Romance",4.5,Shashank Khaitan
Sanju,2018,"Biography, Comedy, Drama",7.8,Rajkumar Hirani
Saheb Biwi Aur Gangster 3,2018,"Action, Crime, Drama",4.3,Tigmanshu Dhulia
Nawabzaade,2018,"Comedy, Romance",4.7,Jayesh Pradhan
Mulk,2018,Drama,6.7,Anubhav Sinha
Long Live Brij Mohan,2017,"Comedy, Crime, Drama",7,Nikhil Nagesh Bhat
Karwaan,2018,"Adventure, Comedy, Drama",7.5,Akarsh Khurana
Gold,2018,"Drama, History, Sport",7.3,Reema Kagti
Satyameva Jayate,2018,"Action, Crime, Drama",5.6,Milap Zaveri
Genius,2018,"Action, Thriller",4.6,Anil Sharma
Yamla Pagla Deewana Phir Se...,2018,"Action, Comedy, Drama",4.8,Navaniat Singh
Stree,2018,"Comedy, Horror",7.7,Amar Kaushik
Paltan,2018,"Action, Drama, History",5.2,J.P. Dutta
Laila Majnu,2018,"Drama, Romance",7.7,Sajid Ali
Gali Guleiyan,2017,"Drama, Thriller",7.1,Dipesh Jain
Pataakha,2018,"Action, Comedy, Drama",7.2,Vishal Bhardwaj
Batti Gul Meter Chalu,2018,Drama,6.1,Shree Narayan Singh
Love Sonia,2018,Drama,7.4,Tabrez Noorani
Manto,2018,"Biography, Drama",7.4,Nandita Das
Manmarziyaan,2018,"Comedy, Drama, Romance",6.9,Anurag Kashyap
Mitron,2018,Comedy,6.9,Nitin Kakkar
Sui Dhaaga: Made in India,2018,"Comedy, Drama",6.8,Sharat Katariya
Baazaar,2018,"Crime, Drama, Thriller",6.6,"Gauravv K. Chawla, Samuel Wilde"
Jalebi,2018,"Drama, Romance",6.3,"Pushpdeep Bhardwaj, Lal Mohan"
Tumbbad,2018,"Drama, Fantasy, Horror",8.2,"Rahi Anil Barve, Anand Gandhi, Adesh Prasad"
Helicopter Eela,2018,Drama,5.5,Pradeep Sarkar
Andhadhun,2018,"Crime, Mystery, Thriller",8.4,Sriram Raghavan
Badhaai ho,2018,"Comedy, Drama",8,Amit Ravindernath Sharma
Kaashi in Search of Ganga,2018,Thriller,5.6,Dhiraj Kumar
The Journey of Karma,2018,Drama,6.3,Jagbir Dahiya
Mohalla Assi,2015,"Comedy, Drama",6.9,Chandra Prakash Dwivedi
Pihu,2016,"Drama, Thriller",6.7,Vinod Kapri
Bhaiaji Superhit,2018,"Action, Comedy, Drama",4.1,Neeraj Pathak
Rajma Chawal,2018,"Comedy, Drama, Family",5.7,Leena Yadav
Zero,2018,"Comedy, Drama, Romance",5.5,Aanand L. Rai
Simmba,2018,"Action, Crime, Drama",6.3,Rohit Shetty
Tiger Zinda Hai,2017,"Action, Adventure, Thriller",6,"Mehmet Tutkun, Ali Abbas Zafar, Musa Muhammed Olayinka"
Golmaal Again,2017,"Action, Comedy, Fantasy",4.9,Rohit Shetty
Judwaa 2,2017,"Action, Comedy",3.8,David Dhawan
OK Jaanu,2017,"Drama, Romance",5.1,Shaad Ali
Kaabil,2017,"Action, Crime, Drama",7.1,Sanjay Gupta
Raees,2017,"Action, Crime, Drama",6.8,Rahul Dholakia
Thugs of Hindostan,2018,"Action, Adventure",4,Vijay Krishna Acharya
The Ghazi Attack,2017,"Action, Thriller, War",7.6,Sankalp Reddy
Irada,2017,"Drama, Mystery, Thriller",6.2,Aparnaa Singh
Rangoon,2017,"Action, Drama, History",5.7,Vishal Bhardwaj
Badrinath Ki Dulhania,2017,"Comedy, Drama, Romance",6.2,Shashank Khaitan
Trapped,XV2016,"Drama, Thriller",7.5,Vikramaditya Motwane
Phillauri,2017,"Comedy, Drama, Fantasy",6.1,"Anshai Lal, Feroz Khan Bollybrothers"
Machine,2017,"Action, Mystery, Romance",2.7,"Abbas Alibhai Burmawalla, Mastan Alibhai Burmawalla, Abinash Rout"
Naam Shabana,2017,"Action, Drama, Thriller",6.3,Shivam Nair
Mukti Bhawan,2016,"Comedy, Drama",7.1,Shubhashish Bhutiani
Begum Jaan,2017,"Action, Drama, History",5.5,Srijit Mukherji
Maatr,2017,Thriller,4.5,Ashtar Sayed
Sarkar 3,2017,"Action, Crime, Drama",4.9,Ram Gopal Varma
Half Girlfriend,2017,"Drama, Romance",4.3,Mohit Suri
Meri Pyaari Bindu,2017,"Comedy, Drama, Romance",5.8,Akshay Roy
Hindi Medium,2017,"Comedy, Drama",7.8,Saket Chaudhary
Dobaara: See Your Evil,2017,"Horror, Mystery",3.9,Prawaal Raman
Raabta,2017,"Action, Drama, Fantasy",4.1,Dinesh Vijan
Behen Hogi Teri,2017,Comedy,5.5,"Ajay Pannalal, Arvind Singh Rajpoot"
Tubelight,2017,"Drama, War",4,Kabir Khan
Bank Chor,2017,"Action, Comedy, Crime",5.9,Bumpy
Jagga Jasoos,2017,"Action, Adventure, Comedy",6.4,"Anurag Basu, Shubzz"
Lipstick Under My Burkha,2016,"Comedy, Drama",6.8,Alankrita Shrivastava
Jab Harry Met Sejal,2017,"Comedy, Drama, Romance",5.3,Imtiaz Ali
Toilet - Ek Prem Katha,2017,"Comedy, Drama, Romance",7.2,Shree Narayan Singh
Mubarakan,2017,"Comedy, Romance",5.6,Anees Bazmee
Guest iin London,2017,Comedy,5.4,Ashwani Dhir
Bareilly Ki Barfi,2017,"Comedy, Romance",7.5,Ashwiny Iyer Tiwari
Babumoshai Bandookbaaz,2017,"Action, Comedy, Crime",6.9,Kushan Nandy
Shubh Mangal Saavdhan,2017,"Comedy, Romance",6.9,R.S. Prasanna
Raag Desh,2017,"Action, Drama, History",8.3,Tigmanshu Dhulia
Daddy,2017,"Action, Biography, Crime",6.3,Ashim Ahluwalia
Simran,2017,"Crime, Drama, Thriller",5.3,Hansal Mehta
Lucknow Central,2017,"Action, Crime, Drama",6.2,Ranjit Tewari
A Gentleman,2017,"Action, Comedy",6.3,"Krishna D.K., Raj Nidimoru"
Viceroy's House,2017,"Biography, Drama, History",6.7,Gurinder Chadha
Newton,2017,"Comedy, Drama",7.7,Amit Masurkar
The Final Exit,2017,Horror,6.2,Dhwanil Mehta
Mom,2017,"Crime, Drama, Thriller",7.3,Ravi Udyawar
Chef,2017,"Comedy, Drama, Family",5.7,Raja Menon
Secret Superstar,2017,"Drama, Music",7.9,Advait Chandan
Shaadi Mein Zaroor Aana,2017,"Drama, Romance",7.6,Ratnaa Sinha
Qarib Qarib Singlle,2017,"Comedy, Romance",7,Tanuja Chandra
Aksar 2,2017,"Crime, Drama, Mystery",3.7,Anant Mahadevan
Tumhari Sulu,2017,"Comedy, Drama",7,Suresh Triveni
Julie 2,2017,"Drama, Romance, Thriller",2.5,Deepak S. Shivdasani
Kadvi Hawa,2017,Drama,8,Nila Madhab Panda
Firangi,2017,"Comedy, Drama",4.5,"Rajiv Dhingra, Rizwan Mohammad"
Fukrey Returns,2017,Comedy,6.5,Mrighdeep Lamba
Monsoon Shootout,2013,"Action, Crime, Drama",6.5,Amit Kumar
Ajji,2017,"Crime, Drama",7,Devashish Makhija
Chalk N Duster,2016,Drama,6.5,Jayant Gilatar
Airlift,2016,"Action, Drama, History",8,Raja Menon
Irudhi Suttru,2016,"Action, Drama, Sport",7.6,Sudha Kongara
Mastizaade,2016,Comedy,2.3,Milap Zaveri
Ghayal Once Again,2016,"Action, Crime, Drama",6.4,Sunny Deol
Fitoor,2016,"Drama, Romance",5.4,Abhishek Kapoor
Neerja,2016,"Biography, Drama, Thriller",7.7,Ram Madhvani
Aligarh,2015,"Biography, Drama",7.8,Hansal Mehta
Tere Bin Laden: Dead or Alive,2016,Comedy,4.3,"Abhishek Sharma, Deepak Chandra"
Jai Gangaajal,2016,"Crime, Drama",5.6,Prakash Jha
Kapoor & Sons,2016,"Comedy, Drama, Family",7.7,Shakun Batra
Rocky Handsome,2016,"Action, Crime, Drama",6.8,Nishikant Kamat
Fan,2016,"Action, Drama, Thriller",7.1,Maneesh Sharma
Nil Battey Sannata,2015,"Drama, Family",8.4,Ashwiny Iyer Tiwari
Laal Rang,2016,"Comedy, Crime, Drama",8,Syed Ahmad Afzal
Baaghi,2016,"Action, Romance, Thriller",5.2,Sabir Khan
1920 London,2016,"Horror, Mystery",4.1,Tinu Suresh Desai
Azhar,2016,"Biography, Drama, Sport",5.8,Anthony D'Souza
Buddha in a Traffic Jam,2016,"Crime, Thriller",6.8,Vivek Agnihotri
Phobia,2016,"Drama, Mystery, Thriller",6.9,Pavan Kirpalani
Sarbjit,2016,"Biography, Drama",7.2,Omung Kumar
Veerappan,2016,"Action, Biography, Crime",5.3,Ram Gopal Varma
Do Lafzon Ki Kahani,2016,"Action, Drama, Romance",6.4,Deepak Tijori
Te3n,2016,"Crime, Drama, Mystery",7.2,Ribhu Dasgupta
Udta Punjab,2016,"Action, Crime, Drama",7.8,Abhishek Chaubey
Raman Raghav 2.0,2016,"Crime, Drama, Thriller",7.3,Anurag Kashyap
Dhanak,2015,"Comedy, Drama",8,Nagesh Kukunoor
Sultan,2016,"Action, Drama, Romance",7,Ali Abbas Zafar
Great Grand Masti,2016,"Comedy, Drama, Fantasy",3.7,Indra Kumar
Madaari,2016,"Drama, Thriller",7.5,Nishikant Kamat
Dishoom,2016,"Action, Adventure, Comedy",5.1,Rohit Dhawan
Fever,2016,"Crime, Mystery",4.7,Rajeev Jhaveri
Rustom,2016,"Crime, Drama, Thriller",7.1,Tinu Suresh Desai
Mohenjo Daro,2016,"Action, Adventure, Drama",5.7,Ashutosh Gowariker
Happy Bhag Jayegi,2016,"Comedy, Romance",6.4,Mudassar Aziz
A Flying Jatt,2016,"Action, Adventure, Comedy",3.2,Remo D'Souza
Baar Baar Dekho,2016,"Action, Comedy, Drama",5.3,Nitya Mehra
Freaky Ali,2016,"Comedy, Sport",4.9,Sohail Khan
Raaz Reboot,2016,"Horror, Mystery, Romance",4.5,Vikram Bhatt
Pink,2016,"Crime, Drama, Thriller",8.2,Aniruddha Roy Chowdhury
Parched,2015,Drama,7.6,Leena Yadav
M.S. Dhoni: The Untold Story,2016,"Biography, Drama, Sport",7.7,"Mathur Goswami, Neeraj Pandey"
Tutak Tutak Tutiya,2016,"Comedy, Horror",5.4,A.L. Vijay
Saat Uchakkey,2016,Comedy,5.7,Sanjeev Sharma
Shivaay,2016,"Action, Adventure, Crime",6.2,Ajay Devgn
Ae Dil Hai Mushkil,2016,"Drama, Music, Musical",5.8,Karan Johar
Tum Bin 2,2016,"Drama, Romance",4.8,"Md. Shahnause, Anubhav Sinha, Peter Pedrero"
Rock On 2,2016,"Drama, Music",5,Shujaat Saudagar
Force 2,2016,"Action, Adventure, Thriller",6.2,Abhinay Deo
Dear Zindagi,2016,"Drama, Romance",7.6,Gauri Shinde
Befikre,2016,"Comedy, Drama, Romance",3.9,"Aditya Chopra, Raj Basu"
Ki & Ka,2016,"Comedy, Romance",5.8,R. Balki
Wajah Tum Ho,2016,"Drama, Mystery, Romance",4.3,Vishal Pandya
Dangal,2016,"Action, Biography, Drama",8.4,Nitesh Tiwari
Mirzya,2016,"Action, Drama, Fantasy",4.6,Rakeysh Omprakash Mehra
Prem Ratan Dhan Payo,2015,"Action, Drama, Musical",4.6,Sooraj R. Barjatya
Tanu Weds Manu Returns,2015,"Comedy, Drama, Romance",7.7,Aanand L. Rai
Any Body Can Dance 2,2015,"Biography, Drama, Music",5.5,Remo D'Souza
Dilwale,2015,"Action, Comedy, Drama",5.2,Rohit Shetty
Bajrangi Bhaijaan,2015,"Action, Adventure, Comedy",8,"Kabir Khan, Mehmet Tutkun"
Bajirao Mastani,2015,"Action, Drama, History",7.2,Sanjay Leela Bhansali
Welcome Back,2015,"Action, Comedy, Crime",4.2,Anees Bazmee
Baby,2015,"Action, Crime, Thriller",8,Neeraj Pandey
Singh Is Bliing,2015,"Action, Comedy, Romance",5.1,Prabhu Deva
Gabbar Is Back,2015,"Action, Crime, Drama",7.1,Radha Krishna Jagarlamudi
Tevar,2015,"Action, Drama, Romance",4.1,Amit Ravindernath Sharma
Hawaizaada,2015,"Biography, Drama",5.5,Vibhu Puri
Rahasya,2015,"Mystery, Thriller",7.6,Manish Gupta
Shamitabh,2015,Drama,6.8,R. Balki
Badlapur,2015,"Action, Crime, Drama",7.4,"Sriram Raghavan, Mehmet Tutkun"
Dum Laga Ke Haisha,2015,"Comedy, Drama, Romance",7.5,Sharat Katariya
MSG: The Messenger of God,2015,"Action, Comedy, Drama",6,"Jeetu Arora, Gurmeet Ram Rahim Singh"
NH10,2015,"Action, Crime, Drama",7.2,Navdeep Singh
Hunterrr,2015,"Comedy, Romance",7,Harshavardhan Kulkarni
Detective Byomkesh Bakshy!,2015,"Action, Crime, Drama",7.6,Dibakar Banerjee
Court,2014,Drama,7.7,Chaitanya Tamhane
Margarita with a Straw,2014,Drama,7.2,"Shonali Bose, Nilesh Maniyar"
Ek Paheli Leela,2015,"Mystery, Romance, Thriller",3.7,Bobby Khan
Barkhaa,2015,"Drama, Romance",5.1,Shadaab Mirza
Mr. X,2015,"Action, Crime, Drama",3.7,Vikram Bhatt
Dharam Sankat Mein,2015,Comedy,6.2,Fuwad Khan
Gabbar Is Back,2015,"Action, Crime, Drama",7.1,Radha Krishna Jagarlamudi
Piku,2015,"Comedy, Drama",7.6,Shoojit Sircar
Bombay Velvet,2015,"Action, Crime, Drama",5.7,Anurag Kashyap
Tanu Weds Manu Returns,2015,"Comedy, Drama, Romance",7.7,Aanand L. Rai
Dil Dhadakne Do,2015,"Comedy, Drama, Romance",6.8,Zoya Akhtar
Welcome to Karachi,2015,"Action, Comedy, War",4.3,Ashish R. Mohan
Hamari Adhuri Kahani,2015,"Drama, Romance",6.7,Mohit Suri
Masaan,2015,Drama,8.1,Neeraj Ghaywan
Kaun Kitney Paani Mein,2015,"Comedy, Drama, Family",6.2,Nila Madhab Panda
Drishyam,2015,"Crime, Drama, Mystery",8.2,Nishikant Kamat
Bangistan,2015,"Comedy, Drama",4.6,Karan Anshuman
All Is Well,2015,"Comedy, Drama, Romance",3.8,Umesh Shukla
Brothers,2015,"Action, Drama, Sport",6.5,Karan Malhotra
Manjhi: The Mountain Man,2015,"Biography, Drama",8,Ketan Mehta
Phantom,2015,"Action, Drama, Thriller",5.8,Kabir Khan
Talvar,2015,"Crime, Drama, Mystery",8.2,Meghna Gulzar
Katti Batti,2015,"Comedy, Drama, Romance",4.9,Nikkhil Advani
Jazbaa,2015,"Action, Crime, Drama",5.8,Sanjay Gupta
Kis Kisko Pyaar Karoon,2015,"Comedy, Romance",5.7,"Abbas Alibhai Burmawalla, Mastan Alibhai Burmawalla, Abinash Rout"
Pyaar Ka Punchnama 2,2015,"Comedy, Drama, Romance",7.3,Luv Ranjan
Shaandaar,2015,"Comedy, Drama, Romance",3.6,Vikas Bahl
Titli,2014,"Action, Crime, Drama",7.6,Kanu Behl
Main Aur Charles,2015,"Action, Biography, Crime",6.3,Prawaal Raman
X: Past Is Present,2015,"Drama, Mystery, Romance",5.5,"Hemant Gaba, Pratim D. Gupta, Sudhish Kamath, Nalan Kumarasamy, Anu Menon, Sandeep Mohan, Qaushiq Mukherjee, Rajshree Ojha, Raja Sen, Abhinav Shiv Tiwari, Suparn Varma"
Tamasha,2015,"Comedy, Drama, Romance",7.2,Imtiaz Ali
Hate Story 3,2015,"Drama, Thriller",4.5,Vishal Pandya
Sholay,1975,"Action, Adventure, Comedy",8.2,Ramesh Sippy
Dedh Ishqiya,2014,"Comedy, Drama, Romance",7.1,Abhishek Chaubey
Yaariyan,2014,"Drama, Romance",2.7,Divya Khosla Kumar
Miss Lovely,2012,"Crime, Drama, Romance",6.3,Ashim Ahluwalia
Om Dar-B-Dar,1988,Drama,7.3,Kamal Swaroop
Gunday,2014,"Action, Drama, Musical",2.3,Ali Abbas Zafar
Jai Ho,2014,"Action, Drama",5.2,Sohail Khan
Hasee Toh Phasee,2014,"Comedy, Romance",6.8,Vinil Mathew
Highway,2014,"Crime, Drama, Romance",7.6,Imtiaz Ali
Shaadi Ke Side Effects,2014,"Comedy, Romance",5.6,Saket Chaudhary
Gulaab Gang,2014,"Action, Drama",6.1,Soumik Sen
Queen,2013,"Adventure, Comedy, Drama",8.2,Vikas Bahl
Bewakoofiyaan,2014,"Comedy, Drama, Romance",5.5,Nupur Asthana
Ragini MMS 2,2014,Horror,3.8,Bhushan Patel
Ankhon Dekhi,2013,"Comedy, Drama",8,Rajat Kapoor
2 States,2014,"Comedy, Drama, Romance",6.9,Abhishek Varman
Jal,2013,Drama,6.8,Girish Malik
Bhoothnath Returns,2014,"Comedy, Drama, Fantasy",6.7,Nitesh Tiwari
Main Tera Hero,2014,"Action, Comedy, Romance",5.2,David Dhawan
Mastram,2013,"Biography, Drama",4.8,Akhilesh Jaiswal
The Xpose,2014,"Drama, Mystery, Romance",3.2,Anant Mahadevan
Children of War,2014,"Drama, History, War",6.7,Mrityunjay Devvrat
Hawaa Hawaai,2014,"Drama, Family, Sport",7.4,Amole Gupte
Heropanti,2014,"Action, Romance",5.3,Sabir Khan
City Lights,2014,"Drama, Thriller",7.3,Hansal Mehta
Filmistaan,2012,Comedy,7.3,Nitin Kakkar
Ek Villain,2014,"Action, Crime, Drama",6.4,Mohit Suri
Humshakals,2014,"Comedy, Drama, Romance",1.8,Sajid Khan
Humpty Sharma Ki Dulhania,2014,"Comedy, Drama, Romance",6,Shashank Khaitan
Hate Story 2,2014,"Drama, Thriller",4.4,Vishal Pandya
Holiday,2014,"Action, Crime, Thriller",7.2,A.R. Murugadoss
Fugly,2014,"Drama, Thriller",4.7,Kabir Sadanand
Pizza,2014,Horror,6.2,Akshay Akkineni
Entertainment,2014,"Action, Comedy, Drama",4.5,"Sajid, Farhad Samji"
Singham Returns,2014,"Action, Crime, Drama",5.7,Rohit Shetty
Mardaani,2014,"Action, Crime, Drama",7.3,Pradeep Sarkar
Raja Natwarlal,2014,"Crime, Thriller",6.1,Kunal Deshmukh
Mary Kom,2014,"Action, Biography, Drama",6.8,Omung Kumar
Finding Fanny,2014,"Adventure, Comedy, Drama",5.8,Homi Adajania
Khoobsurat,2014,"Comedy, Romance",6.4,Shashanka Ghosh
Kick,2014,"Action, Comedy, Crime",5.3,Sajid Nadiadwala
Haider,2014,"Action, Crime, Drama",8.1,Vishal Bhardwaj
Bang Bang,2014,"Action, Adventure, Comedy",5.5,Siddharth Anand
Daawat-e-Ishq,2014,"Comedy, Drama, Romance",6.1,Habib Faisal
Happy New Year,2014,"Action, Comedy, Crime",5.1,Farah Khan
Super Nani,2014,"Comedy, Drama, Family",4.7,Indra Kumar
Rang Rasiya,2008,"Biography, Drama, Romance",7.1,Ketan Mehta
The Shaukeens,2014,Comedy,5,Abhishek Sharma
Roar,2014,"Action, Adventure, Sci-Fi",5.7,Kamal Sadanah
Kill Dil,2014,"Action, Comedy, Drama",4.3,Shaad Ali
Ungli,2014,"Crime, Drama, Thriller",5.7,Renzil D'Silva
Happy Ending,2014,"Comedy, Romance",5.4,"Krishna D.K., Raj Nidimoru"
Zid,2014,"Crime, Romance, Thriller",4.4,Vivek Agnihotri
Action Jackson,2014,"Action, Crime, Thriller",3.2,Prabhu Deva
Bhopal: A Prayer for Rain,2014,Drama,7.2,Ravi Kumar
Ugly,2013,"Crime, Drama, Mystery",8.1,Anurag Kashyap
PK,2014,"Comedy, Drama, Sci-Fi",8.1,Rajkumar Hirani
Matru Ki Bijlee Ka Mandola,2013,"Comedy, Drama",5.6,Vishal Bhardwaj
Inkaar,2013,"Drama, Romance, Thriller",6.1,"Sudhir Mishra, Jay Dev Banerjee"
Akaash Vani,2013,"Drama, Romance",6.2,Luv Ranjan
Race 2,2013,"Action, Crime, Thriller",5.3,"Abbas Alibhai Burmawalla, Mastan Alibhai Burmawalla"
Special Chabbis,2013,"Crime, Drama, Thriller",8,Neeraj Pandey
Murder 3,2013,"Drama, Mystery, Thriller",4.9,Vishesh Bhatt
Kai po che!,2013,"Drama, Sport",7.6,Abhishek Kapoor
3G: A Killer Connection,2013,"Horror, Mystery, Sci-Fi",3.6,"Shiirshak S. Anand, Shantanu Ray Chhibber"
Mere Dad Ki Maruti,2013,"Comedy, Drama, Romance",6.4,Ashima Chibber
Jolly LLB,2013,"Comedy, Crime, Drama",7.5,Subhash Kapoor
Vishwaroopam,2013,"Action, Thriller",8.2,Kamal Haasan
Aashiqui 2,2013,"Drama, Music, Musical",7,Mohit Suri
Ek Thi Daayan,2013,"Horror, Romance, Thriller",5.7,Kannan Iyer
Himmatwala,2013,"Action, Comedy, Drama",1.7,Sajid Khan
Nautanki Saala!,2013,"Comedy, Drama, Romance",5.8,Rohan Sippy
Commando,2013,"Action, Adventure, Thriller",6.1,Dilip Ghosh
Bombay Talkies,2013,Drama,6.7,"Zoya Akhtar, Dibakar Banerjee, Karan Johar, Anurag Kashyap"
Go Goa Gone,2013,"Action, Adventure, Comedy",6.6,"Krishna D.K., Raj Nidimoru"
Aurangzeb,2013,"Action, Drama, Thriller",6.5,Atul Sabharwal
Yeh Jawaani Hai Deewani,2013,"Comedy, Drama, Musical",7.1,Ayan Mukerji
Fukrey,2013,"Comedy, Drama, Romance",6.9,Mrighdeep Lamba
Raanjhanaa,2013,"Drama, Romance",7.6,Aanand L. Rai
Ankur Arora Murder Case,2013,"Drama, Thriller",6.5,Sohail Tatari
Shortcut Romeo,2013,"Action, Crime, Drama",2.4,Susi Ganesan
Ghanchakkar,2013,"Comedy, Crime, Thriller",5.8,Raj Kumar Gupta
Policegiri,2013,"Action, Comedy, Crime",4,K.S. Ravikumar
Bhaag Milkha Bhaag,2013,"Biography, Drama, Sport",8.2,Rakeysh Omprakash Mehra
Sixteen,2013,"Drama, Romance, Thriller",6.3,"Raj Purohit, LAl Mohan"
B.A. Pass,2012,"Crime, Drama, Thriller",6.4,Ajay Bahl
Issaq,2013,"Drama, Romance",4.4,Manish Tiwary
Nasha,2013,"Drama, Thriller",3.2,Amit Saxena
D-Day,2013,"Action, Thriller",7.2,Nikkhil Advani
Siddharth,2013,Drama,7.3,Richie Mehta
Once Upon a Time in Mumbai Dobaara!,2013,"Action, Crime, Drama",4.6,Milan Luthria
Madras Cafe,2013,"Action, Drama, Thriller",7.7,Shoojit Sircar
Shuddh Desi Romance,2013,"Comedy, Drama, Romance",5.7,Maneesh Sharma
Ramaiya Vastavaiya,2013,"Action, Drama, Romance",5.6,Prabhu Deva
Chennai Express,2013,"Action, Comedy, Drama",6,Rohit Shetty
Grand Masti,2013,"Comedy, Drama, Thriller",4.3,Indra Kumar
Phata Poster Nikhla Hero,2013,"Action, Comedy, Crime",4.8,Rajkumar Santoshi
Ship of Theseus,2012,Drama,8,Anand Gandhi
The Lunchbox,2013,"Drama, Romance",7.8,Ritesh Batra
Boss,2013,"Action, Comedy, Crime",5.1,Anthony D'Souza
Shahid,2012,"Biography, Drama",8.3,Hansal Mehta
Satya 2,2013,"Action, Crime, Drama",5.9,Ram Gopal Varma
Gori Tere Pyaar Mein!,2013,"Comedy, Drama, Romance",5,Punit Malhotra
Jackpot,2013,"Comedy, Thriller",2,Kaizad Gustad
Table No.21,2013,"Adventure, Drama, Thriller",7.1,Aditya Datt
Bullett Raja,2013,"Action, Crime, Drama",5,"Tigmanshu Dhulia, Ajit Sable, Sanjiv Trigunayat"
Dhoom:3,2013,"Action, Crime, Drama",5.4,Vijay Krishna Acharya
Chashme Baddoor,2013,"Comedy, Drama",5.4,David Dhawan
Lootera,2013,"Drama, Romance",7.3,Vikramaditya Motwane
Singh Saab the Great,2013,"Action, Drama",5.7,Anil Sharma
Goliyon Ki Rasleela Ram-Leela,2013,"Drama, Musical, Romance",6.4,Sanjay Leela Bhansali
Agneepath,2012,"Action, Crime, Drama",6.9,Karan Malhotra
Ek Main Aur Ekk Tu,2012,"Comedy, Drama, Romance",5.7,Shakun Batra
Ekk Deewana Tha,2012,"Drama, Romance",5.9,Gautham Vasudev Menon
Tere Naal Love Ho Gaya,2012,"Comedy, Drama, Romance",5.8,Mandeep Kumar
Paan Singh Tomar,2012,"Action, Biography, Crime",8.2,Tigmanshu Dhulia
Kahaani,2012,"Mystery, Thriller",8.1,Sujoy Ghosh
Agent Vinod,2012,"Action, Adventure, Thriller",5.1,Sriram Raghavan
Vicky Donor,2012,"Comedy, Romance",7.8,Shoojit Sircar
Hate Story,2012,"Drama, Thriller",5.3,Vivek Agnihotri
Tezz,2012,"Action, Crime, Drama",3.9,Priyadarshan
Dangerous Ishhq,2012,"Fantasy, Mystery, Romance",3.9,Vikram Bhatt
Ishaqzaade,2012,"Action, Drama, Romance",6.5,Habib Faisal
Shanghai,2012,"Crime, Drama, Mystery",7.2,Dibakar Banerjee
Ferrari Ki Sawaari,2012,"Comedy, Drama, Family",6.4,Rajesh Mapuskar
Teri Meri Kahaani,2012,"Comedy, Drama, Romance",4.7,Kunal Kohli
Gangs of Wasseypur,2012,"Action, Comedy, Crime",8.2,Anurag Kashyap
Cocktail,2012,"Comedy, Drama, Romance",6.3,Homi Adajania
Kyaa Super Kool Hain Hum,2012,Comedy,5,Sachin Yardi
Ek Tha Tiger,2012,"Action, Adventure, Romance",5.5,"Mathur Goswami, Kabir Khan"
Gangs of Wasseypur,2012,"Action, Comedy, Crime",8.2,Anurag Kashyap
Joker,2012,"Comedy, Family, Sci-Fi",2.4,Shirish Kunder
Jalpari: The Desert Mermaid,2012,"Drama, Family, Mystery",7.2,Nila Madhab Panda
Barfi!,2012,"Comedy, Drama, Romance",8.1,Anurag Basu
Heroine,2012,Drama,5.1,Madhur Bhandarkar
OMG: Oh My God!,2012,"Comedy, Drama, Fantasy",8.2,Umesh Shukla
Aiyyaa,2012,"Comedy, Romance",4.3,Sachin Kundalkar
Chittagong,2012,"Action, Drama, War",7.2,Bedabrata Pain
Chakravyuh,2012,"Action, Drama, Thriller",6.8,Prakash Jha
Student of the Year,2012,"Comedy, Drama, Music",5.4,"Karan Johar, Abhishek Varman"
1920: Evil Returns,2012,"Drama, Horror, Romance",4.8,Bhushan Patel
Jab Tak Hai Jaan,2012,"Drama, Romance",6.7,Yash Chopra
Talaash,2012,"Crime, Drama, Mystery",7.2,"Reema Kagti, Priyamvada Narayanan"
Son of Sardaar,2012,"Action, Comedy, Romance",4,"Ashwani Dhir, Anil Devgan"
Dabangg 2,2012,"Action, Comedy, Crime",4.9,Arbaaz Khan
Players,2012,"Action, Crime, Thriller",4.1,"Abbas Alibhai Burmawalla, Mastan Alibhai Burmawalla"
Housefull 2,2012,"Action, Comedy, Drama",5.2,Sajid Khan
Bol Bachchan,2012,"Action, Comedy",5.5,Rohit Shetty
English Vinglish,2012,"Comedy, Drama, Family",7.8,Gauri Shinde
Yamla Pagla Deewana,2011,"Action, Comedy, Drama",5.6,"Samir Karnik, Jeet Rataul"
Dhobi Ghat,2010,Drama,7,Kiran Rao
Hostel,2011,"Action, Crime, Drama",5.1,Manish Gupta
Dil Toh Baccha Hai Ji,2011,"Comedy, Drama, Romance",5.7,Madhur Bhandarkar
Patiala House,2011,"Drama, Sport",5.6,Nikkhil Advani
7 Khoon Maaf,2011,"Comedy, Drama, Mystery",6.1,Vishal Bhardwaj
Tanu Weds Manu,2011,"Comedy, Drama, Romance",6.7,Aanand L. Rai
F.A.L.T.U,2011,"Comedy, Drama",4.6,Remo D'Souza
Thank You,2011,Comedy,4.6,Anees Bazmee
Dum Maaro Dum,2011,"Action, Crime, Drama",6.2,Rohan Sippy
Shor in the City,2010,"Crime, Drama",7.2,"Krishna D.K., Raj Nidimoru"
Haunted - 3D,2011,"Action, Fantasy, Horror",6.2,Vikram Bhatt
Ragini MMS,2011,"Drama, Horror, Mystery",4.9,Pavan Kirpalani
Stanley Ka Dabba,2011,"Comedy, Drama, Family",7.8,Amole Gupte
Shagird,2011,"Action, Crime, Drama",7,Tigmanshu Dhulia
404: Error Not Found,2011,"Drama, Mystery, Thriller",7.2,Prawaal Raman
Shaitan,2011,"Action, Crime, Drama",7.2,Bejoy Nambiar
Pyaar Ka Punchnama,2011,"Comedy, Drama, Romance",7.7,Luv Ranjan
Always Kabhi Kabhi,2011,"Comedy, Crime, Drama",4,Roshan Abbas
Double Dhamaal,2011,"Comedy, Crime, Drama",3.8,Indra Kumar
Bhuddah Hoga Tera Baap,2011,"Action, Comedy, Crime",5.6,Puri Jagannadh
Delhi Belly,2011,"Action, Comedy, Crime",7.5,"Abhinay Deo, Akshat Verma"
Murder 2,2011,"Action, Crime, Drama",6.2,Mohit Suri
Chillar Party,2011,"Comedy, Drama, Family",7.4,"Vikas Bahl, Nitesh Tiwari"
Zindagi Na Milegi Dobara,2011,"Comedy, Drama, Musical",8.1,Zoya Akhtar
I Am Kalam,2010,"Comedy, Drama, Family",8,Nila Madhab Panda
Singham,2011,"Action, Crime, Drama",6.7,Rohit Shetty
Aarakshan,2011,"Drama, Thriller",6.2,Prakash Jha
Bodyguard,2011,"Action, Comedy, Drama",4.6,Siddique
Mere Brother Ki Dulhan,2011,"Comedy, Drama, Family",5.8,Ali Abbas Zafar
Mausam,2011,"Drama, Romance, War",4.7,Pankaj Kapur
Force,2011,"Action, Crime, Drama",6.4,Nishikant Kamat
Saheb Biwi Aur Gangster,2011,"Action, Crime, Drama",7.2,Tigmanshu Dhulia
Breakaway,2011,"Comedy, Drama, Sport",5.7,Robert Lieberman
Mujhse Fraaandship Karoge,2011,"Comedy, Drama, Romance",6.9,Nupur Asthana
Ra.One,2011,"Action, Adventure, Sci-Fi",4.6,Anubhav Sinha
Rockstar,2011,"Drama, Music, Romance",7.7,Imtiaz Ali
Ladies vs. Ricky Bahl,2011,"Comedy, Crime, Drama",5.9,Maneesh Sharma
Desi Boyz,2011,"Comedy, Drama, Romance",5.7,Rohit Dhawan
No One Killed Jessica,2011,"Biography, Crime, Drama",7.2,Raj Kumar Gupta
Rascals,2011,"Action, Comedy, Crime",2.9,David Dhawan
The Dirty Picture,2011,"Biography, Comedy, Drama",6.6,Milan Luthria
Pyaar Impossible!,2010,"Comedy, Romance",4.6,Jugal Hansraj
Veer,2010,"Action, Adventure, Drama",4.6,Anil Sharma
Road to Sangam,2009,"Drama, Thriller",7.5,Amit Rai
My Name Is Khan,2010,"Adventure, Drama, Romance",8,Karan Johar
Karthik Calling Karthik,2010,"Drama, Mystery, Romance",7,Vijay Lalwani
Don 2,2011,"Action, Crime, Thriller",7.1,Farhan Akhtar
Right Yaaa Wrong,2010,"Action, Crime, Drama",6.4,Neeraj Pathak
Shaapit: The Cursed,2010,"Adventure, Horror, Romance",5.5,Vikram Bhatt
Get Educated: Paathshaala,2010,"Drama, Family",4.9,Milind Ukey
Housefull,2010,"Comedy, Drama, Romance",5.3,Sajid Khan
Prince,2010,"Action, Sci-Fi, Thriller",4.2,Kookie Gulati
Raavan,2010,"Action, Adventure, Drama",5.4,Mani Ratnam
Bumm Bumm Bole,2010,"Drama, Family, Thriller",6,Priyadarshan
Kites,2010,"Action, Drama, Romance",6,Anurag Basu
"LSD: Love, Sex Aur Dhokha",2010,"Comedy, Crime, Drama",7.1,Dibakar Banerjee
Milenge Milenge,2010,"Drama, Romance",4.1,Satish Kaushik
Khatta Meetha,2010,"Comedy, Crime, Drama",5.6,Priyadarshan
Tere Bin Laden,2010,"Comedy, Drama",7.2,Abhishek Sharma
Udaan,2010,Drama,8.2,Vikramaditya Motwane
Once Upon a Time in Mumbaai,2010,"Action, Crime, Drama",7.4,Milan Luthria
Dabangg,2010,"Action, Comedy, Crime",6.3,Abhinav Kashyap
Khichdi: The Movie,2010,"Comedy, Family",7.2,Aatish Kapadia
Hisss,2010,"Comedy, Drama, Horror",2.9,Jennifer Lynch
Crook: It's Good to Be Bad,2010,"Action, Crime, Drama",5,Mohit Suri
Do Dooni Chaar,2010,"Comedy, Crime, Drama",7.6,Habib Faisal
Aakrosh,2010,"Action, Crime, Drama",7,Priyadarshan
Ramayana: The Epic,2010,"Animation, Action, Adventure",5.9,Chetan Desai
Knock Out,2010,"Action, Crime, Drama",5.9,Mani Shankar
Guzaarish,2010,"Drama, Romance",7.4,Sanjay Leela Bhansali
Break Ke Baad,2010,"Comedy, Drama, Romance",5.2,Danish Aslam
Phas Gaye Re Obama,2010,"Comedy, Crime, Drama",7.5,Subhash Kapoor
No Problem,2010,"Action, Comedy, Crime",4.2,Anees Bazmee
Band Baaja Baaraat,2010,"Comedy, Drama, Romance",7.2,Maneesh Sharma
Tees Maar Khan,2010,"Comedy, Crime",2.5,Farah Khan
I Hate Luv Storys,2010,"Comedy, Drama, Romance",5.6,Punit Malhotra
Dulha Mil Gaya,2010,"Comedy, Drama, Romance",4.2,Mudassar Aziz
Anjaana Anjaani,2010,"Comedy, Drama, Musical",5.8,Siddharth Anand
Dunno Y Na Jaane Kyun...,2010,"Drama, Romance",3.7,Sanjay Sharma
Action Replayy,2010,"Comedy, Romance, Sci-Fi",4.2,Vipul Amrutlal Shah
Marjaavaan,2019,"Action, Drama, Romance",,Milap Zaveri
Motichoor Chaknachoor,2019,"Comedy, Romance",,Debamitra Biswal
Pagalpanti,2019,"Action, Comedy",,Anees Bazmee
Ramprasad Ki Tehrvi,2019,"Comedy, Drama",,Seema Pahwa
Yeh Saali Aashiqui,2019,"Drama, Romance, Thriller",,Cherag Ruparel
Dil Bechara,2020,"Comedy, Drama, Romance",,Mukesh Chhabra
Pati Patni Aur Woh,2019,"Comedy, Romance",,Mudassar Aziz
Commando 3,2019,"Action, Adventure, Thriller",,Aditya Datt
Mardaani 2,2019,"Action, Crime, Drama",,Gopi Puthran
Dabangg 3,2019,"Action, Comedy, Crime",,Prabhu Deva
Good Newwz,2019,"Comedy, Drama",,"Raj Mehta, Kulwinder Singh, Ranjeet Singh"
